user,Item_1,Item_2,Item_3,Item_4,Item_5,Item_6,Item_7,Item_8,Item_9,Item_10,Item_11,Item_12,Item_13,Item_14,Item_15,Item_16,Item_17,Item_18,Item_19,Item_20,Item_21,Item_22,Item_23,Item_24,Item_25
user_1,,,,,,,,,3,,4,,,,,,5,,,,4,,,,4
user_2,,5,2,,,,,2,,4,,1,5,,,,,3,,4,,,3,,2
user_3,,,,4,,,,,,,,,,,3,,5,5,2,4,,1,,,2
user_4,,,1,5,,,5,,3,2,,3,,,,,1,4,,,,1,,1,
user_5,4,,2,2,,,4,,4,,1,3,,,,2,,,2,,1,5,,,1
user_6,,,3,,2,5,,4,,,,4,,,,,,,1,,,5,,,
user_7,,4,,2,,,4,,3,,3,4,,,,,,,,,,5,,,
user_8,,,,,,,,,,,,,5,1,,,,,,,,,,2,
user_9,,5,,3,,4,1,5,,,,,,2,,,3,,,,,3,,1,
user_10,,,,,,,,,3,,5,4,4,,,,5,,3,4,,2,,,
user_11,,,,3,,,,1,,,,5,4,,,,,,,4,,,,,1
user_12,,,,,1,,,3,,,1,,2,,2,1,,4,,4,,,,,
user_13,5,2,,,5,,3,3,,,,,,5,,,,,,,,,4,,1
user_14,,4,,,,,4,,,1,,,,,,,,,,1,,2,3,1,
user_15,,,2,,1,,3,4,,,,,,,,,,,1,,,,4,,
user_16,,4,,1,,,,1,,3,,,,5,3,,,,,,,,,,
user_17,2,,,,,2,,,3,,,3,,,,,,,4,3,,4,,5,
user_18,,,,5,1,,3,,,4,2,,,,,4,,,,,2,,,,4
user_19,,,,,,,,,,4,,,4,,,2,5,,,,,1,3,,4
user_20,,,,,3,2,,2,5,,,,,3,,,,5,,,,,3,1,
user_21,,4,,,4,,,,1,,,,1,5,,,,,,,2,1,,,2
user_22,,,,2,3,,,,,,5,,,,,,,,2,,5,,,,
user_23,,,1,,,,,2,,,,,,,,3,,,,5,5,,,,1
user_24,,,,1,4,,3,,,,,2,,,1,5,,,,4,,,2,1,1
user_25,,2,,,2,,1,1,,4,,3,,,,3,,3,,1,,2,,,
user_26,2,5,,3,,,,,5,2,2,,,,,,2,,,,,,,2,
user_27,,,,,2,,1,5,2,2,3,,,5,,,,,,1,,,,,
user_28,,,,,,,,,,2,,,,,,3,,,5,2,,,3,,1
user_29,,5,5,2,,,2,,,1,,,,,,,,,1,1,5,,,4,2
user_30,,,4,5,,,,2,,,2,,3,1,,2,,5,,4,2,3,,,
user_31,,,2,,5,,,,1,1,,4,1,,,3,,5,,,1,3,,,
user_32,5,,,,,2,,,,,5,,,,,,,,,,,,4,,
user_33,,1,5,,3,,,,3,,4,,4,3,,2,,,,,,,,,
user_34,3,,2,5,,,4,4,1,,2,,5,,,1,,,5,,,,,,
user_35,,,,,,,,1,,3,,,5,3,,4,2,,,,,,,4,
user_36,2,,2,,,,4,5,,,,,,3,,,,,,,3,,,,4
user_37,,,,,3,,,2,,,,,,,,,1,4,5,,5,3,,,
user_38,,2,3,5,2,,,5,,,,1,,,,,,,,,2,,,,
user_39,,,,3,,,,,,,4,1,,,5,,,,,,4,,5,,
user_40,2,,4,,,3,,3,,,,,,,4,,2,,,,,1,,2,
user_41,,,,,,,,,,,4,3,,,2,,4,3,,,,2,,,
user_42,,5,3,,,3,,,1,1,5,2,,,,5,,4,,,4,,,,
user_43,,5,3,,,4,,,,,,,,,,,,,,,4,,1,,1
user_44,4,,,,4,,,2,,,5,1,,3,5,,,,,,,,2,,
user_45,1,,3,,2,,,5,,5,,2,,4,4,1,,2,,,,,4,,2
user_46,,1,4,,3,,,,,,,,,1,2,1,,1,,5,,,,3,
user_47,4,,,,5,,,,,,,1,,,,,,,,,,,,,
user_48,,,3,,,4,5,3,,,1,,4,,,,,,1,,,2,,,
user_49,,2,,2,,,1,,5,3,1,,,,,3,2,,5,,,,,,3
user_50,,,,1,,,,,,,,3,,,,,,,,,,,,,
user_51,,,,,,1,,3,3,2,,,,3,,,,,,,,5,1,,
user_52,1,,,,1,3,,5,5,,2,,5,3,,,,,2,1,,,,,
user_53,,,2,4,2,4,,3,4,5,,,5,,,,,,,,5,3,2,,
user_54,,,,,2,,,,,,5,,,2,2,,,2,,5,,,,,
user_55,,,,3,2,5,,5,2,,,,,2,,,,,,,3,,,,4
user_56,,3,,,,3,,,1,,1,,,,,3,2,5,,,,,3,,5
user_57,,,,,,,1,,1,,,,,4,1,,,1,,2,,,,,
user_58,,,4,1,,,,,,,,,,2,,,,4,,,,2,,5,2
user_59,,,3,4,,,,3,2,2,,,,,,,,5,,,5,,,3,5
user_60,,2,,2,4,2,,3,4,,,,,,5,,,,,,,,,2,
user_61,,2,1,,,2,1,,,2,3,,,1,,,,,,,,,2,,
user_62,,,,,,,,,,,,,2,1,,,,3,,4,,,5,,
user_63,,3,3,,,4,1,,3,,,,,,,,,,,2,5,,3,4,
user_64,,,5,,,,,3,,2,,,,1,2,,2,,,4,,,,,
user_65,,5,,,,,,,1,,1,,,,,,4,,2,2,,,,2,
user_66,,4,1,4,,,,,,,,,,,1,,1,,,,,2,,,2
user_67,1,,5,,,3,,,5,1,,,,,,2,,,,,,,3,,4
user_68,,1,,,3,,,,2,,,1,,5,,,,,,,,,2,,
user_69,,,,,3,2,,,3,,,,,3,,4,2,,,,,3,,,
user_70,,5,5,,,,2,,2,,,,5,,,,,,3,,5,4,,,
user_71,,2,,,5,1,,3,,,,,,,2,,3,,,,,,,3,
user_72,2,1,,,1,5,,,,5,,5,,,,4,,,,,,,,,
user_73,,,,5,,,2,,,,,,5,,,,3,,4,,4,,,,5
user_74,5,,,2,,,,,,,,,,,,,,,,2,3,,,,2
user_75,,,,,,2,,,,,,,2,4,,2,,,2,,,,1,,
user_76,,,,3,3,,4,1,,3,,,,2,3,,,,,5,,,,,5
user_77,,5,2,,,,,,,5,5,4,,,,4,,,,,,,,4,3
user_78,,,4,,1,1,5,3,,2,4,,,,,3,,4,,,1,2,,,
user_79,5,,3,,,,,,,,1,,4,,,,,,,,,,5,,
user_80,,,,,,5,5,3,4,,2,,,4,,,4,,1,,2,,,,
user_81,,2,3,,5,4,,,2,,,,5,,,,,1,2,5,,,2,,
user_82,,,,,1,,,,,2,4,,,2,,,4,2,,,,,,,
user_83,3,2,,,,,,3,,,4,5,4,,,,,,2,,,1,5,1,1
user_84,1,2,2,,2,,,3,,1,,,2,,4,,,4,,,,,1,,
user_85,1,2,,,,,,3,,3,,,,4,,1,,5,,3,,,,3,
user_86,,,,,,,2,2,,,2,,2,,4,1,,,,,1,,,4,1
user_87,,4,,3,,4,,3,,,,5,3,,5,,3,,4,,,,,,
user_88,,,,,,5,,5,,1,4,2,,,,2,5,4,4,4,,3,,5,1
user_89,,,,4,,,2,1,2,,,,,,,,5,,,,,,,,
user_90,,,4,,,,3,,,,5,1,,2,2,,,5,4,,,5,,,
user_91,2,,,,,,,,2,,,,,,,,,,,,,,,5,
user_92,,,,,,,,2,5,2,2,,1,2,,,1,4,,,,,4,,
user_93,,,,,,,,,2,,,,,3,,4,,4,3,,,1,,5,4
user_94,4,,,,5,,1,,,,,,4,2,,,,,5,,,,4,,
user_95,1,,2,,,,,,3,,4,,,4,,,,,,,,,,,
user_96,3,,,2,3,,,5,,4,3,3,2,2,,5,1,,,,,,2,,
user_97,,,5,,,1,5,3,,,,5,5,,,2,,,,2,,,3,3,
user_98,,1,,,,,,3,,,1,,,,,,,,,5,,5,,,1
user_99,4,1,,,5,,,,,5,,,3,5,4,,,,4,3,3,,,,2
user_100,,,,2,,,,3,,,,,,,,,,,,,,,,,
user_101,,1,,,2,,,2,,,,,,,,,,3,4,,,,4,3,
user_102,,,4,,,4,,,4,,1,2,,,,5,,2,,4,3,,,,
user_103,,,,4,,,,,,,3,,,,,4,,4,,,,3,,2,
user_104,,,,,,4,,4,,5,,,1,,,,,4,,,,3,,,
user_105,3,,,2,,4,,3,,,,,,,,,,,1,3,,,2,5,
user_106,3,,3,,5,,,,,,,,,,,,,3,,,,3,5,3,
user_107,,,,,,,,4,,4,,,,,,,,2,,,,2,,,
user_108,,1,,,,,,1,,,,5,,,,,1,,,1,,,2,5,
user_109,,,,,,,,,4,,1,,,,,,,2,,,5,,,,
user_110,3,,,,2,,,,,,3,3,,4,1,,,,,,,,3,,
user_111,,,3,3,1,,3,3,,1,,5,,2,3,,5,,,,5,,5,2,
user_112,,,2,,,,,,,,,3,,,,,2,,,5,,3,,,
user_113,,5,2,2,,,,,,5,,,,,,1,,4,,,4,,5,,2
user_114,4,5,,3,,,,5,,,,3,,4,1,,4,3,4,,1,2,,,
user_115,5,1,,,,2,,1,,4,3,5,,,,,,5,,2,,,3,,
user_116,,1,2,,,1,3,,,,5,5,,,2,,,,,,,3,1,,
user_117,,,,,,,,3,,,,,,,,,2,,,,4,,,,1
user_118,,,,,5,,,,1,,,3,,,,,,,,3,5,,3,4,
user_119,,,,,,2,,,,,,,,,2,1,5,,,1,,,,,
user_120,,,,3,,,,,3,,,,,1,,,,,,,3,2,,,1
user_121,1,4,2,4,,2,2,,,,1,,1,,1,,,,2,,,,,,4
user_122,,,,5,,,,3,,,,,,,,,,5,,4,,,,,
user_123,,4,,3,,5,,2,,2,,,,,,,,2,,,,,,,
user_124,,,,5,4,1,,,2,,5,,,,,,,,2,,,,3,2,
user_125,,1,,,,,1,,2,,,2,5,,4,4,1,,,,,,,,
user_126,,,,,,,,,,,2,,,5,1,,,,,,1,,,,4
user_127,,1,,2,,1,5,,1,,3,,,5,,5,,4,,5,,,,,
user_128,,5,,,,,,,4,2,,4,,,5,,,,,,,1,,,
user_129,,1,,,5,,3,1,,,,,,3,5,,5,4,,,2,,,,
user_130,3,,,,,,,,,4,,,,2,,2,,2,3,,,,1,,
user_131,,4,,,4,,,,,,,4,2,,,,,,,,,4,,,
user_132,,,,,,5,3,2,,,,1,5,,5,,1,4,,,5,3,,,
user_133,,,3,2,,4,,,4,2,1,,4,5,,,3,,,,,4,,1,
user_134,,,,,2,,,2,,,,,1,5,,3,,3,,,,,,,
user_135,,1,4,5,4,5,,4,2,,,4,,,,,4,,,1,,,5,5,
user_136,,,,,,4,,,4,4,,,2,,1,,,,,,1,,2,4,3
user_137,,3,2,,1,,5,1,,,5,,,,,3,,,,,,1,,2,
user_138,5,,,,,,,,1,,,2,,,,,,,,4,,,2,,
user_139,,,,,,,,3,,5,,2,,5,,3,2,4,,,,,,,
user_140,,,,,,1,,,,,2,2,,,1,,,,,3,,,,,
user_141,,,,,,,,5,,,1,,,,5,,,1,,,,,,,
user_142,1,,,,,3,,,,4,,1,,,5,3,4,,,,5,,,1,
user_143,3,,,,,,,1,,,,2,,,,,,,,,,,,,2
user_144,,,,5,5,2,,,4,,,,,1,,,,,,,,,4,,
user_145,,,3,,,3,,4,3,,,,,4,3,2,,,,4,3,,,,
user_146,,1,5,,,4,,,,,3,3,,,,,4,3,4,,2,,,,
user_147,5,2,,,,,,,,,4,,,,,,,,5,,5,3,,,
user_148,,,,,,1,,1,2,,,,,,,,,,,,,,,,
user_149,,,,,2,,,,,,,,4,,,,,,,1,,,,2,3
user_150,,,,,,,,5,4,5,,,,,,,,,,,,3,,,
user_151,,,1,,,,,,,3,,,,,,,,,1,5,,,4,1,
user_152,,1,,,5,,,,2,1,,,2,,,2,,4,3,4,4,,,,
user_153,1,,,,,1,3,,2,,,3,,1,2,,1,3,,3,,,5,,
user_154,,,,,1,2,,,,2,,4,,,,,2,,,,,,,1,
user_155,5,4,,,,5,,,,2,,,3,3,,,3,,,,,,,,
user_156,,,,,,,1,,,,,,3,,,,,5,,,3,,5,,
user_157,,2,,4,,,,,,,1,,,,2,,2,,5,3,,,,5,4
user_158,,,2,,,2,,,,5,,,2,,,,5,,,,4,,5,,3
user_159,,,5,,,,,,,,2,3,,,,,,,,,,,,,2
user_160,,3,,,,,,,,,,1,,,,,3,,5,,,,,,
user_161,,,,,,,3,3,5,,,,,,4,3,,,,,,,2,,
user_162,,,,,5,3,,,,,,,2,,,,1,,,,5,,,,
user_163,,,,,,,2,1,1,,,,,3,2,,,2,,,,,,1,3
user_164,,5,,,,,,,,2,,,,,,,,,,1,4,,2,,
user_165,,3,,,2,,4,,3,,,,,,,4,,,,,,,,,
user_166,3,,,,,,,,3,,,,,,,2,1,4,,5,1,5,,,
user_167,,4,,3,,,,,,5,2,,,,,5,,,3,,,,,,
user_168,2,,,,2,,,3,5,,1,,4,4,,,,,3,,3,,,5,
user_169,5,,,,,2,,,,,,,,,2,,2,,4,1,2,,,4,2
user_170,,,2,,,,,,,,,5,,,,,,,,,5,,,,
user_171,,,1,,,5,,,1,,,,3,,,,3,,,2,,,,,5
user_172,5,,,,,,4,5,,3,,,,,,,,,4,3,,4,,1,
user_173,,,,4,5,5,,,,,,,,,5,,,1,,,,,,5,
user_174,3,1,5,,3,,3,,3,,,4,1,,,,,,1,,,,,,1
user_175,,,,2,,,,,,2,,4,,,,,,4,,,3,,4,,2
user_176,,,,,5,,5,,4,,,,2,,4,,4,1,,,,2,,,
user_177,1,3,,,,,,,,,4,,5,,,,,,,,,,,,4
user_178,,,,,,1,4,1,,1,,1,,,5,2,,,,,,,,,4
user_179,,,,,4,,,,,,,,,,,,,1,,,,,,,
user_180,3,,1,,,3,,5,2,,,,,,,,,,,,5,1,2,,
user_181,1,,,,1,,5,3,,,,,,,,3,,,2,,2,5,,,
user_182,5,,,,,2,,,,,,,,1,,,2,,2,,,4,,4,
user_183,,,3,5,5,,,2,,,,,,3,,2,,2,,4,2,,,,
user_184,,,,,2,2,1,,,,,,5,1,,,,,,,,,1,,
user_185,3,,,,5,,1,,,,,4,2,,,,1,5,1,,,,,,
user_186,1,1,,,,,,,1,5,,4,,,2,,,4,,,,,1,,
user_187,3,,3,5,,3,5,4,,,,,,,,,,5,,,2,,,2,
user_188,1,4,4,,,,2,,,,,,3,,,,,,,,,,,,
user_189,,,,,,,,,,,,3,3,,,1,,,1,,,,,,
user_190,,,,,,,,,,,,,,,,,,,,4,,1,,1,2
user_191,5,,,,,,4,,1,,,,,2,1,,,,,2,,,5,5,
user_192,4,,4,,,,,,5,3,,2,,4,,2,3,,,,,,2,,
user_193,5,,,,,,3,,2,,,,2,,,4,,,4,,,,,,5
user_194,,,1,,,,2,,1,4,3,,,,,2,,,,3,,,,,
user_195,1,,,,3,2,,,,,,,3,5,,,,,5,,2,,,5,
user_196,5,,2,,,,4,,,,,,,,,,5,,4,2,,,,1,
user_197,,,,5,,,,4,,,,,5,,5,,,,5,4,1,2,3,3,
user_198,,,,4,,1,,,,5,,,,,,1,,,,,,,,2,
user_199,,,,5,,,,4,,,,,,1,,,,1,,,,,,4,
user_200,,,,2,,,5,,1,,,,,,,,,,,4,2,,4,,
user_201,,2,3,1,5,,,,,,,1,,5,,,2,,,,,5,,,
user_202,,,,,1,3,,,1,,,,,,,,,,,,2,1,,,
user_203,5,1,,,,,5,,5,5,4,1,5,,1,,,,5,1,3,1,,2,
user_204,1,2,,,3,,,2,,,1,,,1,,,,1,,,,,,,
user_205,,,3,,,,5,,,,,,,,,,,,,,,,3,,
user_206,4,,3,,,,,5,,,4,5,,,,,,,4,,5,,4,,
user_207,,3,1,5,1,,,,,,1,,,,,,,3,,,,,,,
user_208,,,,3,,4,3,1,,,,1,,,1,5,2,1,,,,5,,,3
user_209,,,,3,,,,,1,,3,,,1,,,5,,,,,,,2,4
user_210,,5,1,,3,,,2,,2,,,,,,3,,3,,,,,5,2,4
user_211,,2,,3,,2,,,,,,,,,,5,1,,,,1,2,,,
user_212,3,,,,,1,,,1,,,,1,,,,,,1,,,1,,,
user_213,,,,2,1,,,,,,,,,,2,,,2,5,,,,,,
user_214,5,2,,,2,5,,,,,5,,4,,2,5,4,4,2,,,,4,,4
user_215,,,3,,,,,,,1,,,,,,,5,,5,,,,,,
user_216,,,,2,2,,5,,,,,4,,5,,,,5,2,1,,,5,2,4
user_217,,,,1,4,,2,,4,,,4,,,,,,,,,,3,,,1
user_218,2,,,1,,,,,,,,,,,,1,,,5,,4,3,,,5
user_219,,2,,,3,,1,,,,,2,1,,,,,,,,5,5,,,
user_220,,,,,1,,,,,5,,4,,,,,,,,,3,,,,2
user_221,,5,1,,,5,,,,,,,,,4,5,,,,,,5,5,,
user_222,,,,,,1,,,3,,2,,,2,,4,2,,,1,,,5,3,
user_223,,3,,1,,,,,2,,3,1,2,,,,,,,,,,,,
user_224,,1,,,2,,,,4,,,5,,,2,,,,,1,,,,3,
user_225,,,,5,1,,,,,,3,,,3,,,,,,5,,,2,,
user_226,,2,5,,1,,,,,2,,,,1,3,,,,,,,,5,,5
user_227,5,,2,,,1,,,,,4,,4,3,,,2,,,2,,,,,2
user_228,,,,,3,,,2,,,,3,3,4,1,5,3,,4,,,3,2,,
user_229,,4,,,2,,,,3,,,,,,5,,,,,,,,5,2,
user_230,5,,5,,,,5,,,,,,,,,,,5,,4,,,,,
user_231,,,,,,,,,3,1,,,4,,,,,1,,1,1,,1,,
user_232,,5,,,3,,2,4,,,,,,,,,,,,,,,2,,
user_233,1,,1,,3,,,,,4,1,,4,,1,,,,,,,4,,,4
user_234,,,,,,,,,,4,,,,,,1,,,5,,5,,,,
user_235,,,3,4,,1,,,,3,,,5,1,,,,,,,,,,5,
user_236,,2,1,2,,3,,,,,,5,,,,,,3,,4,,,,,
user_237,2,,,,1,,,,,,,,,,,,,,,1,,2,2,,
user_238,,,,5,,2,2,2,,,,,,,,2,,1,2,,4,,,,3
user_239,,,,,,5,,5,,,,,,,,5,,,,1,2,,,2,
user_240,,,,,,,,4,1,4,,,,,,,,,,,,,2,,
user_241,2,,,,5,,5,,,2,,3,,,,,2,,,,,,,1,
user_242,3,,5,,,2,4,,3,,,,,5,5,3,,,,2,,,,,
user_243,,,,,,,,,,,,1,1,1,,,4,,,,,,5,,2
user_244,1,,,,,,,,,,,1,,,3,,,,,,,,,,
user_245,5,,3,,,,,,4,,,,,1,,,,,,4,,,,,
user_246,5,,,,5,3,,4,4,,5,,,,3,,,,3,,,3,1,,
user_247,,,2,,,,,,3,,,3,5,,,,4,,,4,5,,,5,5
user_248,,,,,2,1,,,,,,,4,,1,,,,5,2,,4,,,1
user_249,,,,,5,,,,,3,,,,,,,,,,1,,,,,
user_250,2,4,,2,,2,1,,,,,4,,,,2,,,,,,,4,,4
user_251,1,4,1,,,,,,,1,,,,,,,2,,,,,,,,
user_252,3,,,,,1,,,3,1,,,,,,,4,,,,,,,,1
user_253,,5,,,,,3,,,,,2,,2,,,5,,,,,,,,
user_254,,,,,,2,,,,,5,,1,,,,,,,,5,1,,,
user_255,,1,,,,,,1,4,,,1,,3,,4,,,,,,,,,5
user_256,4,,,,4,2,3,,,,5,,,,,,4,3,,,,,2,1,4
user_257,2,,,,,,1,,,,,4,5,,,,2,1,,,,,1,1,4
user_258,,1,,,,,3,,,3,2,1,,1,,,5,,,1,4,,2,5,
user_259,1,5,,,,,2,3,,,2,,,,,,,2,,,3,,3,,3
user_260,,,,3,2,,,4,2,5,1,,,3,,,,2,,3,,,,3,
user_261,,,5,3,4,,,,,,,,,,,,,,,5,3,,,,
user_262,,4,,5,,,3,,,,,,,4,,,,,,,,,,,2
user_263,,,,,,,3,3,,5,1,,,,,1,,,,,1,5,,,
user_264,,,2,,5,2,,,1,1,5,,,,,,,,,1,,,,,
user_265,,,,,,,3,,1,,5,,,4,3,,4,3,,,,,3,1,
user_266,,,,,,,2,5,,,,,,,,4,3,1,,2,5,,,,
user_267,,,5,,1,4,,,2,,,1,,2,3,5,4,,,2,,5,2,,
user_268,,5,,2,,,1,,,,,,,5,,1,1,,,5,,,,5,3
user_269,4,,,,,,,,4,4,,,,1,,,,3,,,5,,2,3,
user_270,,3,,3,,,,,,,,,4,,,2,,,1,,,,,,
user_271,,3,3,,,2,,5,,5,4,4,2,,,,,,,2,,1,4,2,3
user_272,,,4,,3,,,,,,,,5,2,5,,,4,,5,,,,,2
user_273,,1,,5,5,,,,,,,,,,,,,,,,,,3,,
user_274,,,,,5,,,,,,,5,,,,,,5,,4,,,,,5
user_275,4,2,3,,,,,1,3,,,,,,2,,,1,,,,5,,,5
user_276,3,5,5,,4,,,,,,5,4,3,,,,,5,,,2,,4,,
user_277,3,,,5,,4,,,5,,4,,,3,,,,,,,4,,,,
user_278,,,,1,,,,,,1,2,,,,,,,1,,,,,,,
user_279,,,3,,,1,4,,,,,,,,,3,,,,,,5,,,1
user_280,,5,3,,,1,,,2,,,,,5,4,5,,,,,1,,,,
user_281,,5,1,,,5,3,,,,,,,,2,,,4,,,,,,4,
user_282,,,,,,,,,4,,2,,2,5,,,2,,,,,1,4,,1
user_283,,,,,,,,,,,,5,5,4,,,2,,,,,,5,,
user_284,,,2,,,4,,,,,5,5,5,,,,4,,,4,,3,,2,
user_285,,5,,,,,,,,5,,,,2,,,,,,,,5,,,
user_286,2,,,,4,,,2,,5,3,,,,,,,,,5,2,,5,,
user_287,,,2,,,4,,,,,,,,,3,,,2,,4,,,,,
user_288,,,1,,,,,,2,,,5,3,1,,,,,2,,,3,,,
user_289,2,,,,,,4,,,2,,,,1,4,,,,2,,1,,,2,1
user_290,,2,,,,,,,,,2,,,1,,,3,4,,1,5,2,4,,
user_291,,,5,,5,,,1,2,,,2,,,,3,,,,5,,5,,,
user_292,,1,,,5,,,,5,,2,,,1,,,,,,,,,,1,4
user_293,,,,4,,,,,,1,,4,2,4,,,2,1,4,,,,,2,
user_294,4,4,,,,3,,,,1,,,,,,,,,,,,,,,
user_295,3,2,,,,,,1,,,,,,4,,,,,4,,,4,,,
user_296,,5,,,,,,3,,,,2,5,,,,,,,,,,5,1,4
user_297,,,,,,,,,,,,,,,2,5,,,,1,,,2,,
user_298,5,,1,,,,5,,,,4,,4,,,5,,3,,4,,3,1,,
user_299,3,,,,,,,,,1,2,,,2,,,2,,1,,1,,4,,3
user_300,1,,1,,,,,,,2,,,,2,,5,3,1,,,2,,,,
user_301,,,1,,,,2,,5,3,,,,,,,,,2,,3,,2,,
user_302,,4,,3,,5,,,,,,1,1,,2,3,,,,,,,,,
user_303,1,,4,1,1,,3,,,,,,,,,,3,2,2,2,,,,5,4
user_304,,5,4,,5,,,,5,5,5,,5,,,1,,1,,,3,,,,1
user_305,,,,5,,,,,,,3,2,,,,,,,2,,4,,,5,
user_306,,,,,1,2,,,,1,,3,,1,4,,,,,3,,,4,,
user_307,,,,,5,2,5,,,,,2,,,,,,,,,,,1,,
user_308,,,,,,,,,4,3,,,,,4,,3,,,,,,,,
user_309,1,,,,,,,,,,,,5,,,,3,,,,,,,,
user_310,4,3,,,,,,5,4,,,3,,,,,,4,,1,,5,,,5
user_311,,,,,3,,,,,1,,,,,5,,3,4,1,,2,,,,
user_312,,,2,,,,1,,,2,3,,,,5,1,3,,,,1,1,,,
user_313,,,,,3,,,,,,2,,4,,,,4,,,,,,,2,5
user_314,,1,,,1,,,5,1,,,1,,4,,,1,3,,,,,3,,
user_315,,1,,,3,,,,,,1,,5,,,,,,2,,,1,,,
user_316,,,,,,3,,,,,,,,,,3,,2,,,,,,,
user_317,,,,,,5,,1,,1,,,,,,,,4,,,,,,,
user_318,4,,,1,,,,,,,3,5,5,,,,,,1,3,,5,,,
user_319,,,5,,,,,1,,,5,,,,,,,3,2,,,3,3,,3
user_320,,,,3,,,1,,,5,,,,1,,4,,,,,,2,,2,
user_321,,,,,,2,,,,2,1,2,1,,5,,,2,,,,,,3,3
user_322,,3,,4,1,,,,2,,,,,,,,,5,5,,,,,,
user_323,,,,1,,,4,2,,,,,,5,4,,,3,2,5,,,,,4
user_324,3,,,,,,,4,,5,1,2,,,,,,,,1,,5,,,
user_325,5,,,,1,4,,,,,1,2,4,,,4,2,,,,,,,,2
user_326,,4,,5,,,3,,3,,,,,4,,3,,,,,,3,,,
user_327,2,,3,,,,,1,,,,,,,,,,,,5,,,,,4
user_328,,,,,3,,,,,,,,,,1,3,4,2,,,2,3,2,2,
user_329,,3,,,,2,,,,,,,,,,,,4,,,,,4,5,
user_330,,,,,,2,4,,,5,,4,,,,,,,2,,,,,1,
user_331,,,,2,,,,,,1,,,,4,4,2,1,,5,,5,,1,,4
user_332,2,,,,,,,4,,,3,,,,1,,,4,,,3,,3,2,
user_333,5,,,,,,4,2,2,,,,,,,,,2,,5,1,,,,
user_334,,,,4,4,,,,,,,,,,,,,4,,,2,,1,3,
user_335,5,,,3,,,1,,,,,,5,,,,,,4,5,,,,,
user_336,4,,,,,5,,4,,,5,,,2,5,2,,,,1,,,,,
user_337,,,,,,5,,,,,,,,1,4,,,,3,,1,,4,1,
user_338,1,,1,3,,4,,,5,,4,4,3,,,,4,,3,,,,,,2
user_339,4,,2,,,,,,,,,,3,,1,3,,,,,2,,,,5
user_340,,,,,,,,,,2,1,,4,2,,,,,,,,2,4,1,
user_341,,,,,,,,,4,4,,,,,2,3,,,,5,,3,,,
user_342,,,,,,,,2,,1,3,,,4,,,,1,,,,,,,
user_343,,,,,1,5,,2,,,,3,,,,,,1,,,2,4,,,
user_344,,5,,,5,,,,,3,,,,,2,,,,,,,,,,
user_345,,,3,1,,,5,,,,,2,,,5,,1,2,,,,3,,1,
user_346,,,4,,,,,,,,2,,,5,,1,,3,,,,4,,,4
user_347,,,,,,,5,,,,3,,4,,,,,,,3,,2,,,
user_348,,3,1,3,,,,,,,,,4,,2,,1,,,,1,3,,,
user_349,,2,,,4,,,1,3,,4,,,,,4,,,,,,,,5,
user_350,,,2,1,,,3,,3,,,,4,,,1,,,4,,,,,,
user_351,,,5,,,3,,,,,2,,,,,,,,,,,5,,,
user_352,,,5,,,,,,,,,,,,,,,5,,4,,,,,
user_353,,3,,,,,2,,4,4,1,,,,1,,,,,,,,,,1
user_354,,,,,2,2,,,,5,,3,,,,,,,,,,,1,,1
user_355,,,1,,,,5,,,5,,5,,1,,,,5,,,,,,4,
user_356,4,3,,4,4,,,,,,4,,,2,,3,,1,,,,4,4,,3
user_357,2,,3,2,2,,,,,2,,,3,,,2,5,,,5,,,2,,
user_358,2,,,,,,,,,1,,,,,2,,,,,,,,,2,2
user_359,,,,,,4,4,,,,,,,,3,,,,2,,,,,1,
user_360,4,1,,,,,,,,3,,,,,,,,5,5,,,,,,5
user_361,3,3,,,2,2,,4,,1,,,3,,,,1,4,5,,,,,,
user_362,,,,5,5,4,,,4,,,,,2,,,,5,2,,,,,,
user_363,4,3,4,3,,,,,2,,4,3,3,2,,1,,,,,,,,,
user_364,,,,,,3,,,1,,5,5,,,4,,1,4,,,1,,,,
user_365,,,2,,,,,1,1,,,,3,4,5,,,,,,,,2,,
user_366,,4,,,,,,,,5,,,5,,1,2,3,3,,,,,,,
user_367,,,,,,5,,,,1,,,,,,,,,1,,,,,,5
user_368,1,,,,4,,,,,5,,,,,5,,,3,,,,,,,2
user_369,,,,,3,3,,,,4,1,,3,5,3,,,,1,,,3,1,5,
user_370,,,,4,,1,,,4,2,2,,,3,,3,2,,,,,,3,,
user_371,3,,,,,1,,,,,,5,1,2,1,,4,,,,2,1,2,3,
user_372,,,,,5,,,,,1,,,5,,,,,,3,,3,,,,
user_373,,1,,,,3,5,,,,3,2,,,,,2,,,,,,,,
user_374,,,,,,,4,,1,,,5,4,,,4,,1,5,,5,,,2,1
user_375,,3,,,3,,3,1,,,,1,,5,1,,1,5,,,,,3,,
user_376,,4,2,,5,2,,,2,,,,,,,,4,,3,,,,4,1,
user_377,,,,,2,,,,,,3,4,,,,,,,,,1,2,,,
user_378,,,,,5,3,,4,4,,4,,3,,,,,4,,,1,,,5,
user_379,3,,,,,4,5,,,,,,,1,,,,4,,,,,,1,2
user_380,,5,,,3,,,3,,,,4,,,,,,,3,1,,,,,
user_381,,5,,,,1,,,,,,1,5,,,,,1,2,,2,,,,
user_382,,3,,5,,5,,,5,2,,,,1,,3,,,5,,,,,,
user_383,5,,,,,,,,,,4,,,,4,3,1,4,2,,2,2,,2,2
user_384,,2,,,,,4,4,5,2,,,4,,,,,1,,,,,1,,
user_385,1,,,4,,,4,,2,1,,,,,,1,,,,,,,5,3,
user_386,,,4,,,,,,,,,5,,1,,5,1,,,,,,,,
user_387,,3,,,,,,,,,,,,,,,5,2,4,,,,2,,
user_388,,,,,,4,,,2,,,,,,1,,,4,,,2,,,2,
user_389,5,,5,,,,,,1,1,,4,,,2,,,4,,5,,,3,,
user_390,,,,,,,,4,,1,,,,,5,,,4,,,,,,4,
user_391,,,,,,3,,,2,,5,,,2,,,,,3,1,,,,4,
user_392,,,,3,,,2,,3,,,,2,,,3,3,,,,3,,,1,
user_393,1,1,,4,,,,,,,,,2,,3,,,,4,,,,5,,1
user_394,1,,,3,,,,,,,,,,,3,4,,,,,3,1,4,,
user_395,,,,,,,,,3,3,,,5,4,,,,1,,,,,,,
user_396,3,,,,4,4,4,,,,,,,1,5,,,,1,,3,5,,,4
user_397,1,4,3,,,,1,,,,,4,,,,2,,,,,5,,,5,
user_398,,2,4,2,2,,3,5,5,,,4,4,,,,5,,,,3,3,,2,
user_399,,2,,,4,,,,,,1,1,,,1,,3,,,,,,,,
user_400,,,1,,5,,,1,1,1,4,,3,,,,,1,1,,,1,,,1
user_401,,,,,,,1,,,,,2,,5,1,,2,,,2,4,,,3,
user_402,,,,,3,,4,,1,,3,4,3,,,,,,,,,,,,1
user_403,,,,,,,1,,,2,,,,,2,1,,,5,,,,,,
user_404,,,,,,,3,,,,4,,,,,,3,,,,,,2,,4
user_405,2,,,,,,,,,,2,,,,1,,,,3,,,,4,,
user_406,5,,,2,,4,,4,1,5,,,,5,,,,,,3,,,5,,3
user_407,,2,5,1,,,,,3,,,3,,,4,,,,,,,,,,3
user_408,,3,,,,,,,,,4,2,3,,,2,,,,,5,,2,,
user_409,,,3,,,5,3,,5,,2,,,5,3,,4,,,,1,,,4,
user_410,,1,,,,,,4,,,2,,,,,,,,,,,4,,,
user_411,,5,,,,,2,,,3,,5,,,4,,,,3,,2,,1,,1
user_412,2,,,5,,,,,,,4,,4,,,,,,,2,,,,5,
user_413,3,,,,,4,,,,,,,,5,,,,,,,4,2,,,
user_414,,,,3,3,5,,,,,,5,4,2,3,,,,,,,5,,,
user_415,,2,,5,,,,,,2,,,3,,,5,5,,,,,,,1,
user_416,,,,,,,,,,,2,,,,,,1,4,4,,,,,,
user_417,,,,1,5,,,,,1,,1,,5,3,3,,2,,3,,,4,1,
user_418,5,,5,,,4,,,,1,2,,,1,,,,,,4,,1,,,
user_419,,,2,2,1,1,3,3,3,,,,4,5,,,,,,,,1,,,
user_420,2,5,,,,,1,2,,5,3,,1,2,,,5,1,5,,,,,,4
user_421,2,,,3,,,,,5,,,,,,4,,,5,,,,,5,,3
user_422,,,,,4,,4,,5,,1,5,,,,,,,2,5,,3,,3,1
user_423,3,,,5,,,,,,,,,5,,,,2,,,1,,5,3,,
user_424,1,,,,,4,,,,,,5,,5,,,,5,3,,,3,,5,5
user_425,,,,3,,,,,4,2,,4,,,,,,,3,,,4,5,,2
user_426,,,,4,4,5,3,2,4,,1,,,,,,,4,,,,2,,,5
user_427,,,,,,,,,,,,3,,,,4,4,,,1,,,5,4,2
user_428,,1,1,,,,,,,,,4,,,,,3,,,,,,,,
user_429,1,,,,,,,5,2,,,,,,,,4,,,,,3,,4,
user_430,5,,,,,4,4,5,,,,,4,5,5,3,,,,,,4,4,,
user_431,1,4,1,,,2,,,,5,1,,,5,,,,,4,4,,,4,,
user_432,,,3,,,,1,,,,,,,,,,,,2,3,5,,,,
user_433,3,1,,,3,,,,,5,,,,2,,,,2,2,,4,3,2,,
user_434,,,,5,2,,,,4,1,3,,5,4,,1,,,4,1,,2,,,
user_435,,,,,4,4,,3,5,,,,4,4,,,2,,,4,2,3,,,
user_436,,,,1,,,,,,4,,,,,,2,,,5,2,2,,,,
user_437,,,,4,5,,,,,3,1,,,,1,3,,,,,,,,,3
user_438,,,,,,2,,,,,,,3,,,1,,4,4,,,,,,5
user_439,,,,,,,,,,,,,4,,4,,,,3,1,,1,,,1
user_440,3,,,,,,,,,2,,,,,,,1,,4,4,1,,,,
user_441,,,3,,3,,,,,,,,,,3,,3,,,,5,,,,
user_442,,,,,,,,,,,,,,,,4,,,,,,,5,2,4
user_443,,2,5,,,,,1,,5,,,,,,1,,,5,,5,,,,
user_444,,,,,,4,,,2,,,,,,,,,,,,,1,5,4,4
user_445,,,,,1,4,,2,4,,,,3,,,1,,5,,,,,,4,4
user_446,5,,2,,,,,,,3,,,4,5,,5,,,,1,,,2,,
user_447,,,4,,,,1,,5,,,,,,,,4,,,,,,,,
user_448,,,,,,,,5,,,2,3,,,,,,1,,3,5,,4,,1
user_449,3,3,,,3,,,,3,1,,,2,,4,,,,,4,,5,,,4
user_450,,,,,,4,,1,1,,,,,1,,4,,,,,,,,,2
user_451,1,1,,1,,,,,,,,4,2,,,1,,,,,,,2,,
user_452,2,,,2,4,,,5,,,3,2,,5,,,,3,,,,1,,3,4
user_453,,,4,,,5,,1,,4,,,,3,,,,4,3,4,3,,3,,3
user_454,,4,,,1,1,,,,3,,,,,,,,2,,,2,,,,1
user_455,,,,,4,,,,,4,,,,3,,,,,,,,,,,
user_456,5,,,,,3,,,,2,,,4,,,,,,,,1,4,,,
user_457,,,,,,,,4,,,2,3,1,3,,,,,,3,,,,,3
user_458,,5,,1,5,,3,,,,,,,,,4,1,,,,,,5,,
user_459,3,,2,3,1,,,,,,,2,,5,,,,1,,,,4,,4,
user_460,,,,,,,,,,,,,,,,3,,,1,,,,2,,
user_461,,,,,,,,2,,2,3,3,5,,,,,,,,3,4,,4,
user_462,,,5,2,2,2,,,3,4,,,1,,,,,,,,,,,3,
user_463,,,,1,,,4,,5,,,,,,4,,,4,,,,,,,
user_464,5,,,,,,,3,,,,,,2,,,,,4,,5,,,,
user_465,,,,,,,,,,,,,4,,,4,,,,,,,,2,
user_466,,,,,,,2,,,,,,,,1,,1,3,,,,2,,,3
user_467,2,,,,,1,,,5,1,,1,,,1,,5,2,,,4,,,,
user_468,,1,,,5,,3,,,,2,,,,,2,,,,,,,5,,
user_469,,,2,3,5,4,,,4,,,1,,,,,,,2,4,2,,2,,5
user_470,,3,,,3,,,,3,,4,,,,,2,,,3,,,2,,,
user_471,,,,,,,3,4,,5,5,1,5,,,,,2,3,,1,,,,
user_472,,,2,3,1,2,5,5,,,,,1,1,4,,,2,,,,,,,4
user_473,5,1,,,,,3,,,,,,,,,,,2,,,2,,,,
user_474,,,,,,,,1,,3,,,,,,,,3,,,4,,,,
user_475,,,,,,,,2,,,4,,3,,,5,,2,1,,,,,1,
user_476,1,,,,,,,3,,,1,,4,3,,,,,4,4,,,1,3,
user_477,,,4,,3,,,,,5,,,,3,,5,1,,,4,,,,,
user_478,3,3,,,,,,,,,,,,,,,,,,,,,,,
user_479,4,,,,,4,,,,3,1,3,,1,,2,,,,,,,,,
user_480,,4,,,,,,5,,,,,,,,,5,,,,,,,,
user_481,,,,,5,2,,,,4,,,,,5,,,3,,,5,,,,
user_482,,,,,,,2,5,,1,,,,,,,,3,,,,4,,2,1
user_483,1,,,4,,3,,1,,,4,2,3,4,1,2,2,,,,,5,,5,
user_484,,2,,,,,,,,,,,1,,1,,,4,,2,,,,1,
user_485,,,,,,,,,,,,,,,4,,,,,,,3,,4,
user_486,,,,,,2,,,4,,4,3,5,,,,5,,,,4,,4,1,
user_487,,,,,,,5,,,,,,5,4,,,1,5,,4,,,,,
user_488,1,2,,,5,2,,,,,,,,,,,,,5,,1,,,,3
user_489,,,,3,,,,,5,,3,2,2,,,,,,,4,2,3,,5,
user_490,1,,,,3,5,,,,1,,,,,,5,5,,3,2,4,2,,,
user_491,2,,,,,,2,,,2,,,,,,,,,,,2,,,,
user_492,,2,5,,,4,,,1,,2,,,,,,2,3,,,,,,1,4
user_493,2,,,,4,2,,,1,3,,,,2,,,,,,2,,,,,5
user_494,,4,3,,,1,,5,4,,,,,,,,1,,,,,,5,,1
user_495,,1,2,,2,,,4,,,3,,1,,2,1,,,2,5,1,5,1,,3
user_496,4,4,,,5,,,,,3,5,,,5,5,,,4,5,,,,,,
user_497,,,3,,,,,,5,5,3,,2,,3,,,1,5,3,1,,,2,
user_498,4,,,,,,,,,4,,,1,2,1,2,3,,,5,,,5,,5
user_499,3,,,5,,,1,,,3,,,,2,,,3,,,1,5,,,,
user_500,2,,,,,,,,1,,,,2,2,,,,,,5,,,,,
user_501,4,,,,4,2,1,,,,,,,,,,,,5,,,,,,
user_502,,2,5,,4,5,,4,,1,,2,,,,,,,,,,,4,,
user_503,,3,,,,,3,3,,,,,,3,,,5,,3,5,,,,1,
user_504,,,,5,2,,,,1,1,,,4,2,1,,3,,,3,,1,,,5
user_505,,4,,4,,,,,,3,,,,,3,5,,,,,,1,,,1
user_506,,,,5,,,5,,,3,,2,,1,,5,5,,,,,,1,,
user_507,,1,,2,,,,,5,,,,,,,,,,,5,4,,2,,
user_508,,,,2,4,4,2,,,,,,,,,,,,,,,4,,,
user_509,1,,,,,,,,3,,,,4,,4,3,,,,,,,,5,
user_510,5,4,,1,,,2,4,2,2,,,,,3,,,,,,5,3,4,,
user_511,,,,,,2,5,,,,,4,4,,,,4,,,,5,,,1,
user_512,,,5,5,,,,5,,,4,,,1,1,,5,,3,,,1,3,,
user_513,1,5,1,,4,,,,,,,,,,,,,2,,,4,,,,
user_514,2,,,2,5,,5,,,,,,,,,,,1,,,,4,,3,
user_515,4,,,,,,4,,,2,,,,1,,,,,,,,5,5,,
user_516,,,1,,,4,,,2,1,,1,,,,,3,,5,3,,1,4,,4
user_517,3,,,,2,,,2,,,,3,,,2,,,,,,4,,3,3,
user_518,,,,4,,,5,,3,2,3,,,3,,,5,,2,,,,2,4,
user_519,,,,,1,3,4,,,2,5,5,,,4,,,,3,,,2,,4,
user_520,2,,,,,1,,,1,,,,,,,3,,,,4,,2,3,,
user_521,,4,,,,4,,,,,,,,,,,5,,,,,,,,
user_522,,,4,1,,1,,3,,3,,,,2,1,1,4,,2,,,,,,
user_523,,5,5,,,,,5,,4,,,,,,2,,,,,2,3,,,
user_524,,,,2,4,2,,,3,,5,1,4,,,,4,,,,,,,1,
user_525,,,,,,,,,,,,,,4,,1,,,,,,,3,,
user_526,,2,1,,,,3,2,,1,3,,,,,,5,,,,,,1,3,
user_527,,3,,,4,,,4,1,,3,,,,2,,,5,1,,,,4,,
user_528,3,3,,,,,5,,,,,,,,,3,2,,,,,,,4,4
user_529,,,,,,4,,,,,,1,2,2,3,,2,,,2,,,5,,
user_530,2,5,,5,2,,,,,,5,,,4,5,,,,1,4,,3,3,3,4
user_531,,,,,,,,,,,,5,,,,,,5,,5,,,,,
user_532,,2,,,,,,,5,,4,1,,,5,,3,1,5,,2,3,,,2
user_533,,,4,,,,,,3,3,,1,,,,,,,,,,,,,
user_534,2,,,,,2,,3,1,,,,,1,,1,,,,,1,1,,,3
user_535,,,,,,,3,,,,,,,,2,,,3,,4,,,,1,
user_536,,,,1,2,2,4,,,,,,,,,5,,,,1,4,,,,4
user_537,4,4,1,,,,3,,2,3,,,,,,,1,,,1,,,2,,3
user_538,,,,,,,,,,,,5,,,,,,,5,,5,,,,
user_539,,,4,2,,,,,,,,,,4,1,,5,3,,,,1,,,
user_540,,1,,5,,3,,,,4,,4,,2,,,,3,,,4,,4,,3
user_541,,2,2,,,,,,5,,5,,,,4,,,,,,1,5,5,,
user_542,5,,3,,,,,,3,1,,,3,,2,,1,,,,,5,1,,
user_543,4,,,,,,,3,,,,,,,,,3,,,5,,,,2,
user_544,,,,,,,,4,,5,,,,,,,,,,3,,5,,4,2
user_545,2,,,,,,3,,,,,,,,,,,,,,,,4,3,4
user_546,,,,,,,1,,,3,3,,3,,,1,3,,1,,,,,,
user_547,,,,,,3,,,5,,,,,5,,,,1,3,,1,,2,,3
user_548,5,,,,,,2,,,,,,,,1,1,,,4,1,,,,,
user_549,2,,5,,,5,,5,,3,,,,,,,4,,,,5,1,,4,
user_550,,,,,,,,4,,5,3,,5,2,3,,,,,,3,5,4,3,
user_551,1,3,,3,,1,4,5,,,1,,,,,,,,,5,1,,,,
user_552,,,,,,,,,,,,,,3,,2,,1,,,,,,,4
user_553,3,,1,,,,5,,2,1,,4,,,,,,,,,1,,,,
user_554,2,,,,,,1,3,,,,,,,,,,,2,,,,,5,
user_555,5,,5,1,,,,,2,4,,,2,,5,,,3,,,1,,,3,
user_556,,1,,,2,,1,,,,,,,,,,,,2,,,3,4,3,3
user_557,5,5,,,,,,2,2,,,,,,,,,,3,,,2,,,
user_558,,4,,1,,,,4,,1,3,2,,,,,,,1,3,1,3,4,,
user_559,4,,,4,,,,,,,,,,1,,,,4,,,4,,,,
user_560,,,,,,,,2,,,2,,,,,,4,3,,,2,,2,,
user_561,,,1,,,,2,,,3,,,,,,5,,3,2,2,,,,,
user_562,,,,,,1,,,,4,,,,,,1,,,,,,,,,
user_563,,,,,,,,4,2,,,,,,,,,3,,4,,,,,2
user_564,,1,,,5,,5,,,,3,,3,,3,,,,,,,,,,
user_565,,2,,,4,,,,,,4,,1,,3,2,,,,,5,,3,,
user_566,,,,,,,,,,4,,4,,5,,,2,,,,5,,,2,4
user_567,4,,3,,,,,,,1,,,,1,,4,3,2,,,,,,5,
user_568,,,2,,1,,,,2,,4,,,,,,,,,,,,,,
user_569,1,1,5,,,3,3,,2,,,1,2,5,,,,1,,,3,,,,
user_570,2,,,,,,,,2,,,4,,,,,5,,,5,,,,4,
user_571,,1,,,,3,3,5,,,,,,,,,2,,,5,,,,,
user_572,,,,2,,,,5,,,,,,,,5,2,,2,,1,,3,,
user_573,2,,1,,,,,3,,,2,,3,4,1,,,1,2,2,,4,,1,2
user_574,,,,5,4,1,,1,,,,,,,,,,,2,,,,,,
user_575,1,3,5,,5,,,,1,1,1,,1,,,5,,,,2,,,2,5,
user_576,,3,3,,4,4,,1,,4,4,,1,,,,,,,,,3,,1,
user_577,,,,,,,3,1,,5,5,3,,5,1,2,1,2,4,1,,5,,,4
user_578,,2,2,,,,,,,1,4,,,,,,,,,,3,2,3,3,
user_579,,3,,,3,,,,,4,,,,,4,5,,,3,,,4,,,4
user_580,,,,,2,2,,2,4,,,,,5,,,,3,,,,,1,1,1
user_581,4,,,,,,,,3,,,4,,1,1,,1,4,,,,3,,4,
user_582,4,,,,,,,5,,,,,2,5,2,1,,,,4,3,,,,3
user_583,,,,,,3,5,,,,,,,,,4,1,3,,,,,4,,
user_584,,,,5,,3,4,,,,,2,,2,,,3,,3,,,,1,,
user_585,5,,,,5,,,,,,,,,,1,,,2,,1,,,2,,
user_586,,1,,2,1,4,3,4,,,,,,,4,1,5,1,,,,,,2,
user_587,1,2,,4,,,4,,,,,,,,,,,,,,1,3,4,,
user_588,,4,,,,,,,,3,,3,1,,,5,,,4,2,,,,,
user_589,,,2,,,,5,3,,,,,,,,,3,,,,,,1,,3
user_590,,,,,,3,,,5,1,,,2,,,,,5,,2,3,,,,
user_591,4,1,,,5,,,,3,5,1,,,2,5,,4,,1,2,,,2,,1
user_592,,,,3,,,4,,5,,3,,5,,,,,,,,,,2,4,
user_593,,,,5,,4,5,,,,,,,,,,,3,,,,,,4,3
user_594,,,,2,3,,,,,,,,,,4,4,1,,,4,,,,,
user_595,,,4,3,,,,,,,5,4,,,,,,,,,,,,1,
user_596,5,,,,,,2,,1,,,,,,,,,,4,,5,,5,,5
user_597,,,3,,3,,,,,4,1,,1,,,,5,5,,,,,,,2
user_598,,,,,,,,,,1,,,,,,,,3,5,4,,,4,2,2
user_599,,,,,,,4,,1,,4,5,,,,,,,,5,,,,,
user_600,,,,,,,,4,,,,,,,5,,,,,,,,5,,
user_601,,,5,,1,,,2,,,1,3,2,,,,,2,,,4,2,4,,
user_602,2,,2,5,,3,,,5,5,,,,4,2,,,2,,1,,4,5,,1
user_603,1,3,,,2,2,,,1,,,,,4,,,,,,,,,,,
user_604,2,,,,,,,5,,,,,4,,,,,,,3,,,4,,3
user_605,,,,,,,,,,1,4,,3,4,,,,,,3,2,,3,,
user_606,,,,,3,5,3,3,,,,5,,1,,,,,,,,,,,1
user_607,3,,3,4,5,,4,,,,,,,,,,,,,,,,,,
user_608,,,5,,,1,,,,,,,4,,,1,5,,,,2,3,,,
user_609,,,4,,5,2,,,,,,,2,,4,,,3,5,2,,,,,
user_610,,,3,,,5,1,,,4,2,,,,,1,,,,5,,,,5,
user_611,,,,4,,,4,,,,,,,,,,,1,1,4,,,,3,
user_612,,,,1,2,,1,,,2,,,,4,,3,1,,2,,,3,,,
user_613,,,,2,3,,,3,,,4,5,,,,1,,,,,,,3,,5
user_614,,,1,,,3,,,,,,2,5,,,,2,,,5,,3,3,,
user_615,4,2,2,,,2,,1,,2,,2,,,2,,,4,,,,,4,,
user_616,,4,,,,2,,,,5,2,1,,,,,,,,2,,,4,,
user_617,,,,,,,,,,3,2,,,,1,,,5,2,3,4,,,3,
user_618,,2,,,1,,,,5,5,,,,,,4,,,2,,,,,,
user_619,,3,2,3,,,,1,3,,5,,,,4,4,4,,,1,,1,2,5,
user_620,3,5,,,4,,4,4,,,,,,,,,,,,2,,1,4,,
user_621,,4,,,,5,,,1,,,,,,,3,,,4,,,,,,
user_622,,,,,5,1,,1,,,,,,,,,,,,,,,,,
user_623,,,2,,2,1,,,,,4,,,,,,,,5,,,2,,,
user_624,,,,,,,4,1,,,4,,1,,,,,2,,,2,,,,
user_625,5,,3,5,2,5,4,,,,,,,,4,2,2,5,,,,3,,,
user_626,,1,,,3,,,4,,,,,5,,1,,,1,,2,,,,,
user_627,,,3,,,,,3,,4,,,,5,,,5,,,,,,,3,
user_628,,,,2,,3,4,,,1,,3,,,4,2,,,,,,,,2,
user_629,,,4,,,3,,,,2,,,,,,5,,1,,4,,3,,2,5
user_630,,,,,3,,5,2,,5,5,,,,3,,,,,1,,5,,,
user_631,3,,,,,,3,,,,,,,,4,5,,2,4,,,,,,
user_632,,,,,5,,,,1,,3,,,,,4,,,,4,2,2,3,,2
user_633,,,,,,,3,,,2,,,3,,,,3,,,,1,,,,2
user_634,,1,,,,,,,,2,,,,1,2,5,,2,,2,,,,5,5
user_635,2,,,,,,,,2,3,,,,,,,4,2,5,,,,,3,
user_636,1,,,,2,5,,,3,,,,5,,5,,4,,,1,,,,3,
user_637,1,,4,2,,,,,1,,,5,,,,2,,1,,,3,2,,2,
user_638,,,2,,,,,,,,,,,,1,5,,3,,3,,,4,2,
user_639,1,,1,1,,,2,,3,4,2,,2,,,,1,3,,5,,,,,
user_640,,2,1,,1,4,,,,,3,,,,,4,,,,,,,,1,
user_641,,,,,,,,,,4,,,2,,,5,1,,,,,5,,,
user_642,4,,,,,,,1,,,5,,,,,,,2,3,,5,,5,,3
user_643,2,4,,,,1,,,,,,2,1,,,,,,,,,3,1,,
user_644,,,4,,,,,,,,,4,,,1,5,,,4,2,,4,3,,
user_645,,1,3,,,1,4,,,1,,,2,4,1,,5,,,,,5,,,
user_646,2,1,2,,5,,,,2,,4,,4,,,3,,,,,5,,1,,
user_647,,,3,,,5,,2,,,,4,,5,1,,2,,,1,5,,,,
user_648,,,,,,,,,3,,,4,5,,,,,,,,,,,,
user_649,,2,2,,3,,2,3,,,3,,2,,,1,,,,5,,,2,,
user_650,3,,2,,,,,2,4,,,,5,2,,,,,,,4,,3,,
user_651,3,,,,,,2,,,,,,,,3,5,,2,,,,,,,
user_652,,5,,,,,2,,1,5,,4,4,1,,,3,,2,,,,2,,3
user_653,4,,,,4,,4,1,,3,,1,,,,4,4,,,,,2,,,3
user_654,2,,5,,,,,5,,5,,,,1,,,,,1,3,,,,,
user_655,2,,,,,,,,,,,1,,,,5,,,,,5,4,5,,
user_656,,,,,,2,,,,,,5,,,,2,,,,1,4,5,5,,
user_657,,,,1,,3,,,,,,,,,,,5,,,,,,,3,
user_658,2,,3,,,,,,5,4,3,,,,,,,,,4,3,2,4,,
user_659,,,,,,,,,,3,,,,,,,,2,,,3,3,,,
user_660,3,2,,,,,5,5,,3,,,,,,5,,,,,,3,,,
user_661,4,,,,,,3,,,,,,3,,,,,,,4,1,,,5,
user_662,,3,5,2,,,,1,,,,,,,1,,,,,,,,4,,
user_663,1,,,5,,,,4,,,,,5,3,4,,2,,,,,,,2,
user_664,,3,5,,,,2,,,,,,,,,1,,,1,,,,5,5,
user_665,,,,,,,,,,4,,,,,5,5,,,4,3,,,,3,
user_666,,,,5,,2,,2,,,,3,,4,,,3,1,,1,2,,,,
user_667,,,,,4,4,3,3,,5,3,,,4,,,,3,,4,,,,,
user_668,,,,4,,,,4,,,,3,,,,,,4,,,,,,,
user_669,,4,,1,5,,,,,,,,,,,,,,5,5,,,,,
user_670,,,,5,1,,,,,4,,,,3,,5,1,4,1,4,,,,,
user_671,,4,2,,,,,,,,4,5,3,,,,3,,3,4,2,,,,3
user_672,3,,,3,,,,,,,,,,3,,,,,,,,,,,
user_673,,,1,2,,3,,,,,,,,,,,,1,,5,,,1,,
user_674,5,,,,,,4,4,,,,,,,,,4,,,,3,1,,2,
user_675,,,2,,,3,,2,,,,5,,5,,1,,4,3,,,2,5,,
user_676,,,,,2,3,,,,,,1,,,,,,5,,1,,2,,,5
user_677,,,,,,5,,,,,,,,,3,,,,1,,,4,,,
user_678,,3,,,,2,,,,,,,,,,,1,,,,,,3,,
user_679,,,,,,,,,3,,,,,,,,3,,4,,,,,,
user_680,5,,,1,,2,,,,1,2,,,,5,,,,,,,,,,
user_681,,,,,,,5,,5,,,,,,,5,,,,,4,,4,,5
user_682,,5,,,,2,,,,,3,,,,,,3,4,,5,4,,,,
user_683,2,,,,4,,,,,,,,2,,,2,,,2,,4,,1,4,
user_684,1,,3,,4,,,2,,,,,,,,,3,,5,3,3,,,,
user_685,,,,,,2,5,,4,4,,,,2,,4,,,,1,5,5,,,
user_686,3,,,,,,2,4,4,,,,,,,,,5,,,,4,,,
user_687,2,,,,3,1,5,,,,3,,5,,,,,5,,,,1,,1,
user_688,,4,4,,3,,,4,,,,,5,,,,1,5,,2,3,,,2,
user_689,,,1,,,,2,,1,,,,,,,1,,,2,,,,1,,5
user_690,,,,2,,,,,,,,5,3,,,,2,,4,2,,,,2,
user_691,5,,,3,,,,,,,,,4,,,,5,4,,,,,,,
user_692,,,,2,,,,,,,,2,,,,,3,,,,,2,4,,
user_693,,1,,,,2,,,,,,,5,,,2,,2,1,,,1,,,
user_694,5,2,,,,,,,,,,,,,,,,,,,,,,,
user_695,,2,,,,,,3,,5,,,,,,3,,,,,,1,5,,4
user_696,,,,4,,2,2,,,3,2,,1,,1,,,4,,,,,,1,
user_697,,5,2,,,,,1,,,,,2,,,5,,,,2,,,1,,
user_698,4,4,,1,,5,,3,,,,,3,,,,,,1,,,1,,2,
user_699,,,,,,,,4,,,,,,,2,,,,5,,,,,,
user_700,,4,,,,,,,1,1,,,,5,,,1,3,,,,4,5,,
user_701,,5,4,,,3,3,,,,,1,3,4,,,,1,3,,,,,,2
user_702,,,2,,,,,3,,,,,3,3,,,5,,1,,,5,,5,
user_703,,,,,,,,3,,,3,4,,,,,,,,,,,,,
user_704,,,,1,3,,,,,,,,,,,,,,,,2,5,,,
user_705,,,,,3,5,,,,,3,,,,,,,,,5,4,2,,,
user_706,,3,4,,,,,,,,,,,,,3,,,3,2,5,,4,3,1
user_707,,1,3,5,,,,5,,,,5,,,,,3,4,,,,3,,,1
user_708,2,,,,,,5,,,,,,,,2,3,3,,2,,3,3,1,,
user_709,5,1,2,2,,,,,,,,3,,,3,,1,,,,,,,2,
user_710,,3,,,,,,,,,2,,,,1,,,,2,1,3,,4,,
user_711,,5,,,,,,,5,,,4,,1,,,,,,1,,,,,3
user_712,,,,,,1,1,,1,,,,3,3,4,1,1,2,,,2,,,,4
user_713,,,,1,,,,,,,1,,,4,,3,,,,,,,,,
user_714,5,5,,,1,,,,,3,,,3,,,,,1,5,2,,,,3,
user_715,2,,,,2,,,,,4,4,,,,,1,,,,,,,2,,
user_716,2,,,5,,,,,2,,1,,,,,1,,,,,,5,1,,
user_717,4,,,,,,4,5,,4,4,,2,,,,,,5,,,,2,4,
user_718,3,,,4,5,,,3,,2,,,5,,,1,4,,,,,,4,4,2
user_719,1,,,1,,,,,,4,3,,,4,2,5,1,4,5,,,,,,
user_720,,,5,4,,2,,,,,1,4,5,,,,,,,,,,4,5,
user_721,5,,1,4,,,,,,,,,4,,5,,,,2,,,,,,
user_722,,,,,,,,,,2,2,,,,,,,,,,,,,,
user_723,5,,3,,2,,,2,,2,,5,,,,,,,2,3,1,,4,,
user_724,2,2,4,,2,,,1,5,,,,,4,,4,,,2,,,,2,,2
user_725,4,3,,3,,,,,1,4,,4,,,,,1,5,,,5,,,,
user_726,,,,,,,,,,,,,,,,,,,,2,,5,,,
user_727,,,2,,1,,4,,,,1,,,,,,3,,5,,,,,,
user_728,,,,,,2,2,,,4,,,,4,,,,,,,,,,,5
user_729,,,,2,,,4,,,,,,4,5,3,,,,,,,,,4,
user_730,5,3,,,,,,,,,,3,4,4,,2,,,,,3,,,,
user_731,,,,1,4,,,3,2,,4,,4,,1,,,,,,,,,,
user_732,,,,,3,,,,,,2,,,,,1,,,3,4,,,,3,
user_733,3,2,5,,5,,,1,,,5,,1,,,3,5,,,,,,,1,
user_734,1,,,,,1,,,2,4,,,4,,,,5,,,,,1,2,5,3
user_735,,,,1,4,,,5,,,,,5,4,,,1,,,,,,,,
user_736,,,,,3,,,,,,2,,,,,,2,2,3,,,,,,
user_737,,1,,5,1,,,,,3,,4,,,,3,,5,,3,,4,,,
user_738,,,,5,,,,,,,,,,,1,2,,,,,,,,4,5
user_739,,2,,3,,,4,,,,,,,,,5,,4,1,,,,,,
user_740,,5,,,,,,1,,,,,,,,,1,3,3,,4,,,,
user_741,5,,3,,1,,5,,,4,4,,,5,5,1,,1,1,3,2,3,,,4
user_742,,,,,,3,,3,,,4,5,,,,1,5,,5,,3,,,,
user_743,,,5,,,,4,,1,5,,,,,,,,,,4,,5,,,4
user_744,1,1,,5,,,1,4,,,1,,1,3,,,,,,,,,,,4
user_745,,,3,,,,,,,1,,,,,,,,,,,,,,,
user_746,4,,,,,,,3,5,,,,,,,,1,,,,,,,2,1
user_747,,,,,,,,,,1,,,,,,,2,,,,,,,,3
user_748,,,,,3,,,3,,4,,,,,2,,,,2,,,,,,4
user_749,,,,,,3,,,1,,,2,1,1,5,,,2,,2,5,3,4,3,
user_750,,,,,,1,,,2,,,4,5,,3,,,,,2,,4,,5,
user_751,,,3,4,,,3,3,2,,,,,,,,,1,4,,4,,1,,
user_752,,5,,,4,,,,,,,1,,,,,3,,,2,1,2,2,5,
user_753,,,5,,,,,,,,,,,4,,,4,,2,,,,5,,
user_754,,4,,,1,2,3,,,,,,,,,4,,,,,,,,,4
user_755,5,,,,,,,,,,4,,,,,,,,,,5,5,,5,5
user_756,,2,,,,,,,2,,,,,,,,,,,,5,,5,,
user_757,,,,,,,5,,5,,,5,,,,,2,5,,,3,3,2,,
user_758,2,1,,,,,,4,,4,5,,,,,,4,,,,,,,1,
user_759,,,,,,,,,3,,,,,,,,4,,,,,,,,
user_760,1,2,4,,,4,3,,,,,5,,,4,,,1,2,,,,,,
user_761,,4,,,,,,5,,,,,,,3,,3,,,,,,,,
user_762,,2,5,,,,,,,1,,,2,5,,,5,,,,2,,,,
user_763,1,,,,5,,,,,,,,,,,1,,,,,,,,,
user_764,,,,,,,,,1,,,4,,5,,,,,,,,,,,
user_765,,4,,,,,,2,,,5,1,1,,2,5,,,1,4,,,,,3
user_766,,,,,,,,3,,,,,,,,,,,3,,,,,,
user_767,,,,,,,1,4,,,2,,,,4,,,,2,,,,,1,
user_768,2,,,,,,,,,5,,1,,,,3,,,,2,,3,,3,1
user_769,,1,,2,,,,,,,,,,1,5,1,5,4,,,,3,1,,5
user_770,,1,2,,,,5,,,,4,2,1,,,,,4,,,,,5,,
user_771,,2,2,,,3,,2,2,,2,,3,,,,,1,5,,3,,,,
user_772,,3,2,,,1,,,5,,,,,1,,,1,,,,,,1,,
user_773,,1,,,,3,,3,,,,,,,,1,,,2,2,,,1,4,1
user_774,,,,,,,,,,,,4,,3,5,,3,,,2,,4,,,
user_775,,,3,4,2,,,3,1,1,,,4,5,,,,,4,4,5,,,4,
user_776,,,3,,,,,,3,,,2,,,,,,1,,,3,,5,,
user_777,1,,,4,4,3,1,5,,2,,1,,,4,,,5,,,,2,,,
user_778,,,,1,2,4,,,,,,,,,,1,3,,,,,,,,5
user_779,,,,,,,4,,4,2,,,,,3,2,,,1,,4,,5,4,2
user_780,2,5,3,1,1,,,1,2,,,,,1,,,,,,,,2,,,
user_781,3,,,4,,,,,3,,,,,,,,,,,,,,,,
user_782,,,,,,,,,,,,2,,5,,,,3,,,1,,,3,
user_783,3,,5,3,1,,5,1,,1,,,4,,,1,,2,3,5,,,,,
user_784,5,5,,,,,,,,,,2,4,2,,,2,,4,1,,,,,
user_785,,5,1,1,,,,2,,3,,,,4,,,,,,,,,1,,
user_786,1,3,,,5,,,,,,2,,,,2,,,,,,1,5,,,
user_787,,3,,,,,,,,,,2,,3,,,3,,,,1,,,,
user_788,,4,,,,,,,2,2,,,,,,,,,,,2,,,3,
user_789,,5,,4,1,,,2,4,,,5,,,,,3,,,,,,,5,
user_790,,5,,,,5,,,,,1,,2,,,,5,,,,,,,,
user_791,,,,,,,,,,,5,,,,,4,,,,,,,,,3
user_792,,,,3,,,4,,,,2,4,,,,,1,,,5,,,,1,
user_793,,,,,,,5,,4,,,,,2,5,,,,3,,,3,1,,
user_794,,,3,1,3,,4,,,,,3,,,,2,5,1,1,2,,,,,
user_795,,1,,,2,,,,5,,,4,,1,,,2,,,,5,,,,3
user_796,1,3,,4,,,,,,,,,,,,3,,3,5,,1,4,1,,
user_797,,,,2,,,3,,5,,,3,,,,2,,5,,,,1,,,
user_798,,2,,3,,4,,,1,,,3,,,,,2,,2,,,,4,,2
user_799,,,,,3,1,,2,3,,4,,,,,,,,,,,,,,
user_800,,,,,,1,,3,,,,,,,,,3,,4,,,3,2,5,
user_801,,,,,,,,,2,,2,,,,,,2,,,4,,,,,4
user_802,,,,4,,,,5,4,4,2,,,,,3,,4,,2,,5,,4,
user_803,,,,,,,,,,3,,2,3,,,4,,,4,,1,,3,3,1
user_804,5,1,,,,,,,,,,,,,,,,,,,,,,,2
user_805,,,4,,1,,,,,,,1,4,,,,,5,4,,,,3,,
user_806,3,,,1,3,2,,3,2,,,,,,,,3,,,,,,,3,5
user_807,,,,,,,4,,,,,,3,1,1,,5,5,,2,4,,,2,
user_808,,,,,,4,2,3,,,,5,,,,,1,,,,,,,,5
user_809,,,,,,,,5,,,3,,,1,,,,,5,,,,,,4
user_810,2,3,,,,,1,,,,4,4,,3,4,,,,,,1,,,,
user_811,,5,,3,,,,,,,4,,,,,,1,,,,2,,5,,
user_812,,,1,,,5,,5,,,2,4,,2,,,5,,2,,,,5,,
user_813,,,2,,,5,5,,,,,,,5,,,,,,,,4,,,
user_814,1,,,4,4,,,,,2,,3,,,,,,,,,5,4,,,5
user_815,,,,4,,,,,,,,,5,,3,,2,,,,,2,4,3,
user_816,,,,,,,,1,,,,,,1,,,,,,,,2,,,2
user_817,,5,5,1,,4,,,,,,4,,,,,,,2,,,,,2,
user_818,,,,4,,,1,1,,3,,,,,,3,,3,1,,,,2,,3
user_819,,,4,,,,,,,,,4,,,,,,,5,1,,3,,,
user_820,4,,,4,1,,,,,,,,4,,4,2,,,,3,2,,4,5,2
user_821,,,,,5,,2,,,,,5,,,,,2,,,,,,5,,
user_822,,,,,,,,,,3,,,,2,1,,,,,,,3,,,
user_823,1,,,,,,,5,,,4,,2,,,,,,,,,,2,,5
user_824,,4,,,1,2,2,,,3,2,,,,,,,1,5,3,5,2,,1,
user_825,,,,4,4,1,,5,4,,5,5,,1,3,,3,2,,,,,4,,
user_826,,2,1,5,3,,,,4,,,,,,,3,3,5,,,5,,,,3
user_827,,,,,,,,,,,,1,,5,,5,,,,,,5,,,
user_828,,,5,,2,5,,5,,5,,,4,,1,,2,,,2,3,,,2,3
user_829,1,4,,4,,,,,,,,3,3,,,,,,,,2,,,,
user_830,,,,5,,2,,,,5,2,3,,,3,,1,,,,,,,,
user_831,,,,,,,,,,,1,3,,,2,1,,,1,,,5,,4,
user_832,2,,,1,,,2,2,,,,,,,1,,4,,4,,,,5,,
user_833,5,,,,,,2,,5,,,,,4,,,,,2,,4,,3,,
user_834,,,,,,,1,5,,,,,,,,2,,,,4,,,,,5
user_835,5,3,,,,4,,1,,,,,,5,,,,1,,,5,,,,
user_836,,1,,,4,,,,,,3,,,,,,4,4,,,5,,,,
user_837,,5,,,1,,1,4,,,4,,,1,,4,1,,,,,,,,5
user_838,1,,,,,1,,,,,,,,,1,1,,,,,,,2,,
user_839,,,2,,,,5,,,,2,,,,1,,,,,,,4,,1,1
user_840,,,,3,2,,4,,,,,,,,,,,,4,,,,,2,1
user_841,,,,3,2,,,,,2,,,2,,,,,,,,,,,1,
user_842,,,4,5,4,,5,,3,,,2,,,4,,2,,,,,,,,
user_843,,,4,,4,4,,,1,,5,2,,,,3,,,,,5,,,,
user_844,1,,3,,,1,3,5,2,1,,1,,,,,,,,,,5,,,
user_845,,1,,,,,4,,,,4,,3,,,,1,,,,5,,,,4
user_846,1,,1,,,5,5,1,,,,,2,,4,,,3,3,,,,,3,2
user_847,,1,,,,,,,3,,,,4,,,,,1,,,,3,4,5,
user_848,,4,,,,,1,5,,1,5,,,,,,,,2,,,,,,
user_849,,3,,5,,2,,,4,,,,,2,3,,,,4,,3,,,,
user_850,2,5,2,,,,,1,,1,,,,,2,,5,5,,,,,,1,
user_851,4,,,,1,,,,,,,5,,,,,,,,,3,,,5,3
user_852,,,,,,1,4,,,,3,,,,,3,,,,,,2,,,
user_853,,,2,,,2,2,,5,,,,,,,,,,3,4,,,,1,4
user_854,,,1,,,,,4,,5,5,,,,,,,1,3,,5,4,,,1
user_855,2,,,,,,,,,,,,4,2,,,,5,,,4,5,,,
user_856,4,1,,4,,1,1,,,,,,,2,,,,,,1,,,,5,1
user_857,,,3,3,,,1,4,4,,1,,,,4,,,,,,,,,,
user_858,,,,,,1,,5,,,,,3,,,,,,2,,,2,,,
user_859,,4,2,3,,,2,,,,,,,3,,,3,,,,,5,,5,
user_860,,,,4,,,1,,,1,2,3,,,,,,,,3,,,1,,4
user_861,,,1,,1,4,3,,,,,3,,,,,,,,,2,,,,1
user_862,4,3,,,1,,3,,,1,,,,,,,,2,,2,,,1,,
user_863,,3,,,4,2,5,5,4,2,,,,,,4,,,5,3,3,,,,
user_864,,,,3,,,,,,,5,3,2,,,,4,,,3,,5,4,3,1
user_865,,1,,5,,,,1,,4,,,,,4,,,,,,,,1,,
user_866,,5,2,,,,,,5,,,,4,,,,3,,,2,2,4,,,3
user_867,5,,,,,2,1,,,,,2,3,,4,,3,,,,3,,,,
user_868,,,4,,,,,2,4,,,5,,,,3,,,,1,1,,,,
user_869,,3,,,,,2,,,3,1,,1,3,,,,2,,,,,,5,2
user_870,3,,1,,,,,2,3,,,,2,,,5,3,1,,,,,,,
user_871,2,2,,3,5,1,,2,,,,3,2,4,4,4,4,,,,,,,,
user_872,,,3,,,,1,,,,,,5,,,,,,5,,,,,,4
user_873,3,,,5,2,1,,2,5,4,,,5,1,,5,,,5,,1,,,,
user_874,,,,,,,,1,,,,4,,,,,,,,,,,,,5
user_875,,,,,,,3,4,,,5,,,,,,,1,,,,,,5,
user_876,,4,,,,,,,,4,,,,,,,,,2,,4,,3,,1
user_877,2,,,,2,5,,4,3,2,,,,,,4,,1,,,,,,,
user_878,,,,3,1,1,,5,,,,4,4,3,,,,,,,,1,4,,
user_879,,,4,,,,,,,,,2,,,2,,,4,,,,,,,
user_880,5,,,1,,5,,,,2,,1,,2,,5,,,2,2,1,,,,
user_881,,5,3,,,1,,2,,,,4,,,,,1,,,,,,,,5
user_882,4,,,5,,,3,,2,,,,,,,,,2,5,,,,,,
user_883,,4,,,,,,,,3,,,5,,,,,,,,,3,2,3,
user_884,,2,,2,2,4,,,,3,,2,,3,,5,,,2,1,3,,,,
user_885,3,2,,,,,,5,3,,,2,3,4,,,,,1,,,1,,4,4
user_886,3,,,,,3,,,2,,,,,,,,2,,,,,,,,
user_887,,2,,,,,,,3,,,,,,,,5,,,2,5,,1,3,
user_888,,4,,,2,,,,5,,,,2,,5,,3,,2,,,,2,,
user_889,,4,4,,,1,1,,5,,,3,,,,,,,,,,,,,
user_890,,,,,3,,,,,,,,,2,,3,,5,2,,,4,,3,
user_891,4,1,,5,,,,,,3,,,1,,5,,,2,,,,,5,,
user_892,5,,,2,3,,3,,,,,,,,,,1,5,,,,,,,5
user_893,,,,,,,,,,,3,5,2,4,,4,3,,2,,5,,,,
user_894,,5,4,,2,2,,,,,,,5,,,5,,,,1,,3,,,3
user_895,1,,,,,,5,1,4,,,4,,1,3,5,,1,,1,2,,,,2
user_896,1,,3,,,2,,,,,3,,5,3,,4,,,,,,3,,5,
user_897,2,,2,5,,,,,,,2,,,,,,,2,,,,4,,,
user_898,,,,5,,,,,,,,,,2,,,5,,4,,,,3,,5
user_899,,,,2,,,,1,,,,,4,3,,,,,,,4,,,4,
user_900,5,5,,,,,,4,,3,,,,,3,,,,5,,,,,5,
user_901,,,1,,2,,,,,,,,2,,,3,,,,,3,2,4,4,
user_902,,5,5,,,,5,,,3,5,3,1,,,,3,3,,,,,1,,1
user_903,,,3,,,,3,5,4,,,,,,,,,,,,3,,,,
user_904,,5,4,,4,,,4,,5,,5,,4,1,4,,,,1,,,,,
user_905,,4,,,,,,1,,,,,,,,,1,,1,,,2,,4,
user_906,3,,,,,,,,1,2,3,4,5,,,4,,,,,,,,,
user_907,,,,,,,,,,,,,,,2,1,,1,,1,,4,4,,
user_908,,,5,,4,,,4,,3,,,,,,,,,,,,4,,,
user_909,3,,2,,,,,,,,4,,4,,2,3,,,,,,,,2,
user_910,2,,2,,2,4,4,,,,,3,,,,,,,,5,,2,1,,
user_911,5,,4,,4,,,,,,,4,,5,,,5,,,1,,,4,1,
user_912,,,,,,,1,,,,,3,,,,3,,2,1,3,3,,,,
user_913,,2,,,3,,,,,,,3,,,5,,,,,,,5,,5,
user_914,2,1,2,,,,1,,5,,,,,,,,,,,1,1,,,,4
user_915,,,,1,,,4,,,,,,,,4,,3,,,,4,,2,3,3
user_916,,1,4,,,,,,,,,,4,5,,,,,2,,,,,,
user_917,,3,,,,3,,5,,4,,,2,,1,,,,,,,,,,
user_918,2,5,,4,,,1,,,,,2,3,5,,,5,,5,,4,4,,5,
user_919,,,1,3,,3,,2,,,,2,3,2,,,,1,,4,,5,,,4
user_920,,4,,,2,,,,1,,,,,,,,,5,,,2,5,,,
user_921,,3,,,,,3,,4,3,,,,,,,,,,,,,,,3
user_922,,,4,4,,1,,,,4,,,,4,,1,,,,,,,1,,
user_923,,,,,,5,,,2,,4,,,,,,,,,,,,,,
user_924,,3,,,1,4,1,,,1,,2,5,1,,,,,,3,,,,5,2
user_925,4,,4,4,,,,,,,,,,3,,,1,,3,,,,,4,
user_926,,5,3,,5,3,,,,,4,,3,,,,,,,,,,,,5
user_927,,,3,5,,5,1,,,,1,,,3,5,,,,,,,2,,,1
user_928,,,,,,,2,1,,1,,,,,,,3,1,,,5,,1,,
user_929,,4,,,,,,,,,,,,2,,,,,5,5,,1,,,2
user_930,,,,,1,,,,,,,,,3,,5,,,,,5,,,,2
user_931,4,5,1,,,1,,,5,,,,,,,1,,,5,,3,,,5,2
user_932,,2,,5,,,,,,,,,2,4,5,4,,1,,,,,,,
user_933,,,,,,,,,3,,3,,,,,,4,,,,2,,4,,
user_934,2,,,2,,,4,5,,,2,5,3,4,1,,2,,,,,1,,,
user_935,,,,,5,4,,,,2,,,3,,5,,,2,,,,3,,2,
user_936,5,,,,,,1,,,3,,,,,,,3,1,,4,,,,2,2
user_937,,,,4,4,,,,,4,2,,2,,,4,,,,,,5,,3,1
user_938,3,2,,,5,3,,,,,,,,,,4,,1,,3,,,3,,
user_939,,,,,,,5,,,,2,,,,4,,,,,2,,,,,
user_940,,,2,3,,,4,,1,1,,,,,,,,4,,,,,,5,
user_941,,1,,,4,1,3,,1,,,,3,,3,,,4,4,,,3,,4,
user_942,,,,,1,,3,2,,,,,,,,3,,,,4,,,,3,
user_943,,,,5,,,3,5,1,5,4,2,,,2,,3,,,5,,1,,,2
user_944,,2,2,4,,,5,,3,,,,,,1,,,,,,3,,,,
user_945,2,,5,,,,,,,,1,,,,3,3,,,,,,1,,,1
user_946,5,4,5,4,,5,,,,,,,5,,,,,,,,,,,,
user_947,,3,,,,5,3,,,,,,3,,,,2,,,5,,,,,
user_948,,4,,,,,2,4,,,,,,,,,,,4,,,,,,5
user_949,4,,,5,,4,,5,,2,4,,3,3,2,3,,4,4,,,3,,,5
user_950,1,,,,,,,,,2,,,,4,,,,1,,3,,,,,5
user_951,,3,,,,2,,,2,,2,,,,,2,,,,,,5,2,5,1
user_952,,2,2,,3,1,,,4,,,1,,,,,1,1,,,,,,,
user_953,,,4,,4,,,,3,,,,,,1,,3,,,2,,,,,5
user_954,1,,,4,,4,1,3,,,,,,,,,,4,,3,,,1,1,2
user_955,,5,,3,,,2,,,1,3,,,,,2,,3,2,,,4,,2,
user_956,,2,5,4,,,4,,,,4,,5,,,,,,,5,5,,,,
user_957,3,,,4,,4,3,,4,,,3,1,2,5,4,5,,,,5,,,,1
user_958,2,,,,,,,,3,,,,,,,,,,,1,,5,1,1,
user_959,,,4,,,,,,,,,,3,,,,1,,,,,2,,5,5
user_960,,3,,,1,,,,,,,2,,,5,2,5,5,,,,,,,2
user_961,,,,,5,,4,,,,4,,5,,4,,,,2,,,,,2,
user_962,5,,,,,,,,,,3,,5,,,,,,1,,,3,,,
user_963,,,3,4,2,5,,,1,,4,,,5,,,1,,4,3,1,,,,4
user_964,,,1,2,,,,,,,5,,,,,,,,,,,,5,,1
user_965,1,,,,,,2,5,,,2,,,,,,,,,,,,,,
user_966,,,3,,,3,3,,,,,,5,3,,4,,,,,5,,,1,
user_967,,,,,,,,,,,,,4,4,,,4,,,,,2,3,,
user_968,,4,,,,,,,,,3,,5,,3,5,,,,,,,,,
user_969,,,,,,,3,,3,,,3,,,,1,,,,3,,3,,,3
user_970,,4,3,,1,1,,,,5,,3,,,2,,,,,3,,,,5,
user_971,,3,,3,,,,,5,4,,5,,5,,,,,5,,,,,,
user_972,,,,,2,4,,1,,,,,1,,5,4,,,,,,,,,
user_973,,,3,,,1,,,,,3,,3,,4,1,1,,3,,4,,,,
user_974,,,3,,,2,,4,,,,,2,,2,4,1,1,,1,,,2,,
user_975,,3,1,,1,,,5,1,,,,,,,,,,1,4,,,5,,
user_976,3,,,4,,,,,3,,,,,,,1,5,4,5,,3,,,1,
user_977,,,2,,,3,,,,,,,,,,3,,1,3,4,,,,,
user_978,,2,4,,,,,,,,,,,,,,,,,1,,,,,
user_979,1,,,,5,,,,,,,,,,1,2,4,2,1,,,,,,
user_980,5,,,,3,,,5,,,,4,,4,,,,,,,1,,4,,
user_981,5,5,2,2,4,,2,5,4,,,,,3,,3,,,,,,,2,,
user_982,,4,5,,5,5,,,,,,,4,,,,,,,,4,,3,,5
user_983,1,,1,1,,2,,,,,,,,3,,,,,,1,,5,,,5
user_984,2,,,,,,,,3,5,,2,,,1,2,,,2,,,5,3,1,
user_985,,,,,4,,,,4,,2,,4,,,,3,,2,,,,,2,
user_986,,,,3,,,,,,,,,,2,,,,,,,,,,,5
user_987,,,,5,,4,,,,,,,,,1,,,,2,2,,,,,
user_988,2,,3,5,,,,,1,2,5,,,,5,,5,3,,,,,,,
user_989,,2,,,,,1,,,5,,4,,4,4,,4,,,,,,,,3
user_990,,4,,,5,4,,,5,4,,,5,3,1,4,3,,5,,3,,,,3
user_991,,,2,,,,,3,,,,5,,,4,5,,5,1,,,3,,,1
user_992,4,,,,5,,,,,,,,1,,,,,5,,,,,4,,5
user_993,3,,5,,,,,,,3,,,,,,,,1,3,1,,,1,,
user_994,,,3,,,,,,3,,,,,,,,3,,2,4,,,,3,
user_995,2,3,,3,,,,2,4,,,,,,,,,4,,4,,4,3,,
user_996,,,,,,,4,3,3,1,4,,2,,3,,1,,4,4,2,3,,3,
user_997,,,,,3,5,,3,,,,,,,,,,3,,,,,,3,
user_998,5,,,,5,,,,,,,2,,,,,,,,,,,,5,
user_999,2,,,3,5,,5,,2,2,,,,,2,,,1,,,,,,,4
user_1000,3,,,,,1,5,,,,,,,,,,,,,4,,,,,2
user_1001,,1,,,,4,,,,,,,,,,,,,,,3,,1,,
user_1002,,,,,,,,,,,,,,,,,,,4,,1,3,,5,
user_1003,2,4,1,,,,,,4,,,,,,2,,,,4,4,,3,,,3
user_1004,,,4,,,,,1,3,2,5,,,4,,3,3,,,,,,1,1,
user_1005,,,,5,,,2,,,5,,,4,,,,,,3,2,,,5,,
user_1006,,,2,,,3,3,,2,,,,,,,,,,2,,,,5,,
user_1007,,1,,5,,,,,,,,1,4,2,,,2,,,,,4,3,,4
user_1008,3,,4,,3,,,,4,5,4,2,,,,,,,,3,,,5,5,1
user_1009,,,5,2,3,,3,,,,,,,,,,,3,,,,3,,,
user_1010,5,,,,,,,,,,,,,,3,,,,,2,,4,,,1
user_1011,,,,3,,3,,2,4,,,,,4,,,5,,,,,,,,
user_1012,,,,,,2,,,3,,,,,1,5,,,,,,5,1,5,,
user_1013,2,,,2,1,,,2,,,,5,,5,,,4,,,3,,,,1,
user_1014,,,,,,,,3,3,2,,3,,,,,,,,,,,,,
user_1015,5,,3,,,,5,,,,,,5,,,,2,,,,3,3,,4,
user_1016,,,1,,,3,2,2,,,4,,,,,,,,,,3,,,,5
user_1017,,,,,,,,,,3,,3,,,,,,4,5,3,,4,,1,
user_1018,,4,4,,,,,,,,5,3,,1,,,,,1,,2,2,,5,5
user_1019,3,,,3,,,2,,,,4,5,,,,,,,,,3,1,3,,
user_1020,,4,,,,,,4,,,2,,2,5,,3,,4,,,,,,1,5
user_1021,1,,,,4,,,,1,,,5,,5,5,,,,1,,,,,,
user_1022,,1,,,2,,,1,,3,2,,,,,,,,,2,4,,1,3,
user_1023,,,,,,,,3,,,,4,,,,,,,,1,,3,1,,
user_1024,,,,,,3,,4,2,,,,1,,,1,,1,,,3,,,3,
user_1025,,,,3,,1,,,,,,,,,,,,,5,,,5,,,
user_1026,,1,,1,,,,,5,4,,2,,3,,,,,,,,,,,
user_1027,,,,2,4,,,3,2,,,1,,4,,,2,,3,1,,,,,3
user_1028,2,3,,,,,,2,,,,3,1,1,,,,1,1,,,,5,,
user_1029,,,,,,,5,,,2,,,,2,,,2,2,,,1,,1,,4
user_1030,2,5,5,,,1,,,,,,4,,3,,2,,2,,,1,,,,
user_1031,,4,3,,3,3,,,,,1,,,3,,,1,,,,,,,,
user_1032,,,,,1,,2,,,,,2,4,,,,3,,5,5,,4,,,
user_1033,,,,,,,,4,,,4,2,,,,2,,,2,,,,,,
user_1034,,,,,,,,2,,,,,,,,,5,,,5,,,,5,
user_1035,,,2,,4,,,,,1,,,,,,4,2,5,,2,4,,,3,
user_1036,,,,,,3,,,,,3,5,5,,,,,5,,,3,,,,3
user_1037,,,,,1,,,,4,3,,2,,,1,,,,1,4,,,,,
user_1038,,,,,,,,,,,,,,2,5,2,,,4,1,,,,,
user_1039,,,,,2,2,,,,3,1,1,,,,,,,,,,,,2,
user_1040,4,5,,,5,4,,5,3,,,1,2,1,,,,,,,,,,,
user_1041,,,,,,,,,,,1,,,,,4,4,,,,2,1,,1,
user_1042,,,,,,,,,3,,1,,,4,,,2,,,3,5,,,5,
user_1043,,,,,4,4,,3,,,,,5,,4,2,,1,2,,,,4,1,
user_1044,2,,4,,1,,,2,,,,,2,3,,,1,,5,,,2,,4,
user_1045,,,,,,,,,3,,,,,4,,5,4,,,,,3,3,,
user_1046,,1,1,,,,5,,,,,4,,,5,,,,5,,,,2,,
user_1047,,,,,2,,,,1,,,,,,,,,3,,4,4,,1,,
user_1048,2,1,,,,,4,,4,1,,5,,3,,,2,,,,,,4,,1
user_1049,,,,,,,4,,,,4,,,,3,,4,,,,,,,,
user_1050,,1,,,,,,,,,,,2,,,,5,,,,,,,,
user_1051,,,,,2,5,4,1,4,1,4,,,5,,2,,,,4,,,,,3
user_1052,,,,,5,4,,1,1,3,,1,,,,,,3,,,,,,,
user_1053,,,2,,,,,5,,,4,,,2,,,,5,1,,,2,4,,
user_1054,,,,,,,,,,2,,2,,1,,4,,,,,2,,,2,3
user_1055,1,,2,5,2,,4,,,,5,,,4,3,2,,,,4,5,4,,2,
user_1056,2,,,,,,,4,,,3,,,,2,,4,3,,5,,,1,1,
user_1057,,,,,,,,5,,2,3,,5,,,,,,,1,,,,3,
user_1058,,2,3,3,,,4,,,,,,,,4,,,1,,,3,1,3,,
user_1059,,,,,4,,3,3,,,4,,1,,2,,,,,,5,,,,2
user_1060,,,,,,3,,1,3,,,,,,,,,,,,,,,,
user_1061,4,,,,,,,,,,,,,,2,,,,,5,,,5,1,2
user_1062,,,,,,4,,,,2,,,,2,,,5,,,,5,,3,,1
user_1063,,,1,,5,,2,,,4,,,,,,,,5,,,,,,4,
user_1064,,,3,3,,,5,5,,,,3,,,1,,4,,2,,1,5,,,2
user_1065,,,,5,,,3,,2,,,1,3,,,,1,2,,,,,,,3
user_1066,3,,,,,,,5,,,3,,,,2,,,,,,4,,,1,
user_1067,,1,,,,4,,2,,,,,,,3,,,,,,1,5,5,,
user_1068,,3,,,,,,5,,1,,,,,,,,1,,,,3,,4,
user_1069,,4,,,,,3,,,,3,4,,,,,,3,,,2,,,,
user_1070,,,,,,2,,4,,,,5,3,4,4,,,,,,,3,,,
user_1071,,4,,,,,1,4,,,,,,4,,,,,5,,,5,,,
user_1072,,1,,,,4,,5,5,5,,,,,2,,4,,,,,,,1,
user_1073,,,,,,4,,,,5,,2,,3,,4,,1,,,,,2,,
user_1074,,,,,,,,,,,,5,,3,2,,3,4,,,4,,,1,
user_1075,,,,3,,4,,,,,5,4,1,1,,,1,,5,,2,,,,
user_1076,,,,,3,,1,,,,1,,,5,2,5,,,,,2,,,3,1
user_1077,,,4,1,5,,,,,,,3,,,4,,,,,,5,,,,
user_1078,4,,,4,,,,4,,,,3,,,,1,,,1,,,2,4,,
user_1079,,2,,,4,,,5,,,,4,,,,,,,,,,,,,
user_1080,,,,,5,1,,,,,,,,,5,2,,,,,3,,,3,
user_1081,,,4,,,3,,,,,3,,,,1,,,,,,,,,,
user_1082,1,,2,,2,,,,,1,,,,4,,5,,2,,,4,,,1,
user_1083,1,,,4,,,,,3,,2,1,,,,,2,4,,,,,,3,4
user_1084,3,3,4,,,,4,,,,3,3,,,,4,4,,,,,,,,
user_1085,1,,4,,,2,,,,,,,,,,,,,,,4,,1,2,3
user_1086,5,,,,,,5,,3,,,2,,3,,,,,3,2,,,,3,
user_1087,3,,,,,,1,4,,4,,4,,,,5,2,,3,,,,,1,
user_1088,,,,2,,,4,,,5,,4,3,,,5,,4,1,,,,,,
user_1089,,,,,,,,2,4,,,,4,,,,,1,,,,2,,5,2
user_1090,,,,,4,3,5,,,,,5,,,,,,,,3,,,,,
user_1091,2,,2,1,,,,,,,,,,,3,,,5,,2,,,,2,
user_1092,5,,,5,,,2,,,3,,,,3,,,,2,,,,,,,
user_1093,,,,,,,4,,1,5,4,,,,,2,4,,,,,,,1,
user_1094,,4,,4,,,,1,,,,,,,,,,,,,2,1,,,
user_1095,2,,2,,,,,,,,2,2,,1,,2,,,2,4,,,,,
user_1096,,5,,,,,3,1,4,,,,5,,,5,,1,,,,,1,,
user_1097,,5,,2,2,,,,4,2,1,,,,,,,,2,,,1,4,4,3
user_1098,3,,,,,4,4,,3,,5,,,,,,,,,,1,4,,5,3
user_1099,,2,2,,,,,5,,,5,,,,,,4,,,,,,,3,2
user_1100,,,,5,3,,4,,,,,,2,,4,,,4,,,,3,,,
user_1101,,4,,,4,,,,,,,,,,,,5,,5,4,,,,,
user_1102,5,,,,,,,,2,,,,,,,,,,3,2,1,,4,,1
user_1103,,,3,,,,,,5,,1,3,,,1,3,,,,,,,,,
user_1104,,,,,,,2,,5,,,1,2,,,,4,,,5,,,,,
user_1105,,,,2,,5,,,,,,,1,2,,1,,5,,,,5,,,
user_1106,,,,,2,,5,,,,5,,,,,3,,,,3,,2,,,
user_1107,,,5,,,,,1,5,,,,3,,,,1,,,1,5,2,,4,
user_1108,,,,,,5,4,,,2,4,2,,3,,,,,,,4,,,1,2
user_1109,,3,,,,2,1,3,4,4,4,4,,,,,,,,4,,,2,,
user_1110,3,,5,5,3,,,,,,,5,3,2,3,,4,,,,,,1,,
user_1111,2,,,1,,,,,,3,,,,2,,2,,,,,,,,4,
user_1112,,5,2,,,,5,,,,3,,2,,,3,2,,,4,,,,,
user_1113,1,,,,,,,,5,2,,4,,,,,,,,,,,3,,
user_1114,2,,,1,,,,5,5,,3,1,1,,,,,,,,,,,2,
user_1115,,2,,,,,,1,3,3,,,,,,5,,,,2,3,,4,4,
user_1116,,1,,1,,,1,,,,,,,,5,1,4,,,1,,,4,,
user_1117,2,,1,,,5,4,,3,,,,,2,,,2,,,,1,4,,,2
user_1118,,,,,,,5,,,,,,,,,,,,,,,,,1,
user_1119,5,,,,,,,,2,,2,,1,5,,2,,,,5,,,,,2
user_1120,5,,,5,,4,,,,,,,,1,,,,4,,,,,,,2
user_1121,2,,4,,,,,2,,1,,,,4,,,,,,5,,,,,
user_1122,,,,,,2,,,,1,2,,2,5,5,,,3,,1,1,4,,2,
user_1123,5,,3,,1,,4,2,,,,5,3,,5,,,5,,,,,2,,2
user_1124,,,3,,,4,,,,,,4,,,,,3,,,,,2,,,
user_1125,,3,,,2,3,,,,,,,5,5,1,,,,5,5,,,1,,
user_1126,,,,,3,1,4,,5,,,5,,,,,5,1,,,3,4,,,4
user_1127,,3,1,,,,,,,5,,,,,,,,,,,,,,2,2
user_1128,,1,5,,,,,,,,,5,,,,,,,,1,,,,1,4
user_1129,,2,1,,5,4,,4,3,2,,,1,,,1,,5,,,,2,2,4,4
user_1130,,,2,,,,3,,5,,,5,,,,,1,,,,,4,4,,
user_1131,,4,,,5,,,,,5,,,,1,4,3,2,,,,3,,2,3,4
user_1132,,,2,,,4,,,,,,3,,,,,,,,4,,5,5,,3
user_1133,,,,,,,3,3,,,,,,,,,,1,,,,,,,3
user_1134,,2,,,,4,,,,4,,1,,,,,,,,,3,1,,3,3
user_1135,5,,,,,5,,2,,5,4,2,,,,,2,,,1,,,,,
user_1136,,,,,,,,,4,4,3,,,4,4,1,,3,2,,,4,4,3,
user_1137,,2,,,,2,,,,,,,4,,,,,,,4,2,,1,5,4
user_1138,,,1,,,,,,,3,,,,,,,,,,,,2,,5,
user_1139,,,,,,,,4,,,1,,5,,,,1,,,,,2,,,5
user_1140,,,,,5,,4,,,4,,,,3,,1,,,,,1,,5,,
user_1141,3,,1,4,,,,,,,1,,,,,,,,2,,4,,,,
user_1142,,2,5,,2,,3,3,,1,,,4,,,,,,,,1,,2,4,
user_1143,,,,,,1,,,3,,,,,4,,,4,5,,4,3,,3,,
user_1144,,,,,,4,5,,,,,2,,,,,4,,,,,,5,,
user_1145,,,3,,,,,,3,,,,,2,3,,,,4,1,4,,,,
user_1146,5,,,,,,5,4,,3,3,,1,2,,,,,,,3,,,,
user_1147,,1,5,,,,,5,5,,,3,,,,1,2,,4,4,5,3,,5,
user_1148,,,,5,,,,4,,,,3,,,1,,3,1,,3,,1,,,5
user_1149,,3,,,,,,,,,,,,4,1,,5,,1,4,,,1,5,2
user_1150,,,1,,5,,4,2,,,,5,,5,,,,,,,,,,,
user_1151,,2,1,,2,,,5,,,4,,,,,,,,2,,,4,3,,1
user_1152,3,,,5,5,4,,,1,,2,,,,,,,3,,,,,2,,
user_1153,5,,4,,2,,4,4,3,,,,1,,5,,,1,,,,,4,,
user_1154,,3,,,,,4,,,5,,,,1,4,,,,,,4,,,,
user_1155,,,,,,,3,5,1,,,,,,3,,2,1,,,,,3,,
user_1156,,,,,,4,,,,,,,,,,4,,,,,,2,,3,
user_1157,5,,,3,,,,,,,,5,5,,,2,,,,5,,,,3,
user_1158,1,,,,,5,,2,,,3,,5,,,1,5,,2,1,,,,,1
user_1159,2,,,2,3,,4,,1,,,,3,,,,,,,,,,,1,
user_1160,,,,,1,,1,2,,,,,,,1,,2,3,,,,,2,5,
user_1161,2,,,1,,,5,,,,,,,,,,,,2,,,2,,,
user_1162,,,,,,,3,,,,4,,,5,2,5,,,,,,,,5,
user_1163,5,,,4,,,,,,,,,,,,,,,,,2,5,,,
user_1164,4,2,,,,,,5,2,2,,1,,,2,,,4,,,,,1,2,
user_1165,2,,,3,2,,,5,,,,,3,5,,,,1,5,5,,,,,
user_1166,,,3,2,,,,,,,,2,,,,2,2,,3,,,,5,4,
user_1167,,5,,,,,,,,,,5,,,,,1,1,,5,,,,,2
user_1168,5,,,,1,,,,,,,2,,,,,,3,,3,,5,,,
user_1169,,,1,5,,,1,,,,,,,,,,4,5,,,,,,1,
user_1170,,,3,,,5,,,,,,2,,,,,4,2,4,,,,1,,2
user_1171,,,,,,4,,2,3,,4,,,,,,,,,,,2,,5,5
user_1172,,,,1,2,4,1,,,,,,,,1,,,,,,,3,4,2,
user_1173,,,5,,5,,,3,2,,,,,3,,1,,,1,,5,,2,4,2
user_1174,,,,,5,,,,,4,,1,,,,,5,5,5,,,,,,3
user_1175,,4,,,1,,,4,,,2,4,,,2,4,,,,,2,1,,5,
user_1176,5,2,,,,,,5,2,3,,,,4,5,5,,,,,,,1,4,4
user_1177,,5,4,,,,,,,,,,,,,,,4,,,,,,,
user_1178,,1,,,,5,,,,4,,,2,,,,,,,,,,,,
user_1179,,5,1,,5,1,3,3,,4,,,,,,5,,,,1,,,,,
user_1180,,2,5,,,,,,,,5,,,2,,,,,2,,,,1,,
user_1181,3,3,,,1,,4,,,,,2,,4,5,5,,,,,,5,,,
user_1182,,,2,,,,,1,,,,,,4,2,,,2,,2,5,,,,
user_1183,,,2,4,4,,,2,,,,,,5,,,,,4,,,,,,
user_1184,,,2,,,,,,,2,3,,,,5,,,,5,,3,4,2,,
user_1185,5,,4,2,,,,,,4,,,2,3,,,,1,5,1,5,,,,2
user_1186,4,1,,,,,,,,3,2,,,5,,,,,,,,,,,
user_1187,,,,,,2,,,2,,3,1,,,3,,,,2,5,,4,5,5,2
user_1188,,,,,,,,5,,,,,,1,2,,,,,2,,4,2,,
user_1189,,,,,2,,2,,4,,,,,,2,,,,,,1,,2,,
user_1190,4,,2,4,,,,5,1,2,,,3,,,,,,,,,4,4,,
user_1191,,,1,2,5,,,,,,,2,5,,5,,,5,,,,,1,,4
user_1192,1,,,4,1,,,,2,,4,,,3,,,4,,,,,2,,,
user_1193,,,,,,3,,5,,1,,3,3,2,5,,,1,,2,,,2,,
user_1194,1,,3,,,,,,,,,,2,2,,5,,,3,,2,,,,
user_1195,1,2,4,,1,,,,1,3,,3,,3,,,,,,,,5,,,
user_1196,,,,,,,,,,,,,2,,,,,,5,,5,2,,,3
user_1197,,,,,,,,,,3,,,3,,,,1,,,,2,,,,
user_1198,,,4,,,,5,,,,,,,1,2,,,,,,2,,,,2
user_1199,5,,,4,,5,2,,,4,3,,5,3,2,5,,,,,,,5,4,1
user_1200,,,,,2,,1,2,,3,,,1,,,3,,,,,,,5,,
user_1201,4,,,,,,,,,4,,3,,,,4,,,,,,,4,,
user_1202,1,,4,,4,,,,2,,,3,,,,,,1,2,,,,3,,1
user_1203,,,,,,,3,3,,,2,,4,5,,,2,,,4,,3,4,,
user_1204,2,,5,,4,,2,,,,,,3,,,,,4,3,1,4,,,,
user_1205,,,1,,2,3,5,,2,,,,,,,4,2,,4,,,1,,,
user_1206,,,,,,,,,1,,,,1,,1,,3,,,,,,,3,
user_1207,,2,,,,,4,2,,,1,5,5,2,,,3,,,,,,,,
user_1208,,,,3,5,4,2,3,5,,,,,,,,3,5,,,,,1,,
user_1209,1,,,2,,,5,,,,3,,1,,,,,,,,,,,5,1
user_1210,,,,4,3,,,,,,,3,,,,,5,,,,,,,,2
user_1211,,,,,,,,,,4,5,5,,,4,,1,3,4,4,5,,,,
user_1212,,,,,,5,4,2,,,,5,,2,,2,2,4,5,,,3,1,,
user_1213,2,,,,,,3,2,,,,,,,,2,2,,,,,,,,
user_1214,,2,,,5,,1,3,,5,,,4,,,,,,,,,,,,2
user_1215,,,,,5,2,,3,,4,3,,,,,,5,,,,,,5,,
user_1216,,,2,,,,,,1,3,,,,,,,1,1,4,1,,,,,3
user_1217,,,3,,,,2,,,2,4,,,2,4,,,1,2,1,,1,,,5
user_1218,4,,1,,,,,,5,1,,,,,1,,,5,3,,2,3,,,
user_1219,2,4,,,,5,,,,3,,,,,,,,,,,3,,,,
user_1220,1,2,,,5,,3,,,,,5,,5,1,,,,1,,3,,,4,
user_1221,,,2,,2,,,,,,,,,,1,,,,4,,3,4,,3,
user_1222,,,,4,5,,4,4,,1,,,,,,4,,2,,,1,4,1,,2
user_1223,,,5,,2,1,,1,,1,,,,,,,,,,,,,,,
user_1224,2,2,,,1,5,,1,,2,,5,,,,,,,,,,,,,
user_1225,,1,,,1,1,1,,,,,,,,,,,1,5,,,,2,,2
user_1226,,,,,,,,,,,1,,3,2,,,,,,,,,,,
user_1227,,,4,4,,,1,3,,1,2,,,,5,,,3,3,1,2,,,,
user_1228,,,,,3,,5,2,,3,,,2,,,,,3,,,,3,,2,
user_1229,,,,4,1,4,2,,,,,,,,,,,,,3,2,,,4,
user_1230,,3,,3,,,5,2,,,,,5,,,,,,,,,,1,,
user_1231,,,,,,1,3,,,,3,,4,,3,3,,,,5,,,,,2
user_1232,4,,,,,,,,,,,1,1,,,,1,,,,5,,,,
user_1233,,1,,,1,,,,4,,,,,,,,,,,,1,,1,,2
user_1234,,,,,3,4,3,,,,,3,4,3,,,,,,,,1,,,
user_1235,,4,4,,,,,1,,,,,,,,,1,,,,1,,,,
user_1236,,,,,1,,1,,,3,,,2,,2,,,,1,,,,5,,
user_1237,1,1,,,,,,,4,,,,5,,,,5,,,5,,,1,,
user_1238,5,,3,,,,,,,,,,,,4,2,,,4,,,,1,5,
user_1239,,,,,,,5,,,,1,5,,,4,,,,,,,,,,
user_1240,,,,,,1,,5,,,,,,,1,,3,,,,,4,5,,
user_1241,5,,,,,,5,,1,,3,,,,,,,5,,,2,3,,,
user_1242,,5,,,1,,,5,1,,4,,3,,,,2,,,,,,2,,
user_1243,,,,,,,,,,3,4,2,3,,4,1,1,,,,,,,,
user_1244,,5,,,,,3,,1,,,,1,,4,,,,,1,,,,3,
user_1245,,3,2,2,,,1,,,,,,4,2,1,,,,,,,4,3,,
user_1246,1,,,,,,,,,,3,,,,,,,,5,5,,,,,
user_1247,,,,5,2,,,,2,,,,5,,2,,,4,,,,,,5,
user_1248,,5,,,5,2,,,,,3,,,,,,,,,,,1,1,,
user_1249,,,,4,3,,,,,,,,,,2,,2,,5,,1,4,,,
user_1250,,,3,,,,1,,,2,,,,3,,4,,,,,3,,,,
user_1251,1,3,,,,,,,1,,,,,,2,,,,,,5,,,,4
user_1252,4,5,,,,,1,,,,,,1,2,,4,2,,,,1,,,,
user_1253,1,4,,,,,,,,,,,,,,2,,,,,,,4,,4
user_1254,5,,,,,,,,,,,,2,,,,1,,,2,,5,3,,
user_1255,,,,1,,,,,1,,3,,5,,,,,,,,,2,,,
user_1256,,,3,4,,,,,,,5,,1,4,,2,3,,2,,4,,,,
user_1257,,,,2,,,,,,3,,,,,,4,2,,3,4,,,4,,
user_1258,,,,,,,2,,3,,,,3,3,4,,2,,3,,,,,,
user_1259,,,,,,2,5,2,,5,5,,,,,,5,,2,,,,,,
user_1260,,,,,,,3,2,3,,3,3,,,,,,,5,,,,4,1,2
user_1261,4,,5,,,,5,3,,5,1,,4,,,,,,,,,,5,,
user_1262,,,,3,,1,,2,,4,,3,5,4,,4,,,,2,,,,3,
user_1263,,,,,,2,4,,4,,,,1,,,,,,3,5,,5,,,
user_1264,,,,,5,,,4,,,,2,,5,,,,1,1,,,3,4,4,
user_1265,,,,5,,,,,,,,4,,,,2,,,,,,4,,,
user_1266,4,4,,2,,,,,,4,,,5,,,,,,,,,,,,
user_1267,,,5,,,,,5,,2,,,,4,,,4,2,,1,,,,,
user_1268,,4,4,2,,,,1,,,,4,,5,2,,,,,,,,,,
user_1269,,,,,,,,,,,1,,,,,,,1,5,3,3,,,,5
user_1270,5,,1,,,,4,,,3,,5,,4,,4,,,,1,,,,3,
user_1271,2,,,,3,,,3,3,2,,3,,,,,1,,1,2,,,5,4,
user_1272,,5,,,4,4,,1,,,,1,,,3,3,,2,,,,,,2,
user_1273,,,,1,2,2,,,3,,4,,,,5,,3,5,1,4,,5,,,2
user_1274,,,,3,,,,,,5,,,,,,1,,,,3,,,,,5
user_1275,5,2,,,5,,2,,,3,,,,2,,3,4,,1,3,,,,5,
user_1276,,1,2,,,,2,,,,,4,,,1,,,,2,,,,,4,
user_1277,,4,,,3,,,,,4,,,,,,2,,,,,,,,,5
user_1278,5,,,,2,2,,,,,,,,,,,,,,5,,,,2,2
user_1279,,,5,,,,,,5,,,,,,,,5,,,3,2,,,,
user_1280,3,4,,,,1,,,2,,,,,,,,,3,3,,2,,5,,1
user_1281,,2,2,,,,,5,,,5,,,,4,4,,,,,,5,,1,3
user_1282,,,,,1,,,,,,,,,,,,4,,,,,,,,4
user_1283,5,,5,,,1,,3,,,,,1,2,,,,,5,,2,,1,,
user_1284,,4,5,,,1,,,,,,4,,,,,,,,,,5,,,
user_1285,4,,1,,,,5,,4,,,1,1,,,4,,1,,3,,,3,,
user_1286,,1,3,,,,,3,,,,,,4,,5,,5,,,,3,,1,
user_1287,3,3,,3,3,,,,,,,2,3,1,,,,,1,1,1,,,,
user_1288,2,,,,2,,2,,,,,3,,,,,4,4,,,,2,,,
user_1289,,5,2,,,,,,,,,,4,,,,,4,4,,,,,,2
user_1290,,,,2,2,,,2,1,,,,,5,,1,,,,,,3,5,,
user_1291,,2,,,,,,,,3,,,1,5,,3,,,5,,,,,,
user_1292,4,,,,,,,3,,,,,2,,,,1,,,,5,3,,5,
user_1293,,,,,1,,,,,,,,1,,,3,,,,,4,,,5,
user_1294,,,,,,,,,,3,,,,,1,,,,,,,,,,
user_1295,,1,3,,,,4,3,,,,,,,,,,5,1,,,,,3,
user_1296,,,1,,5,1,,,2,4,,,1,,,1,,,,,,,,3,
user_1297,,,,,,,,3,,3,,,,,1,,,,,1,,1,,,
user_1298,,,,,,,,,2,,2,,,5,,,,,4,,,,3,2,
user_1299,,,,3,3,4,,,4,,,,,,1,5,4,3,,5,5,3,1,,
user_1300,3,,2,2,1,,,4,,,,1,,4,,,1,1,,,,,5,5,5
user_1301,3,,,,,,,2,2,1,,,,,,,,,,2,,5,,,
user_1302,1,,,,,,,4,,5,2,,5,,4,,,5,5,,,,,,3
user_1303,,,2,,,3,2,,,,,,,,1,,2,,1,5,2,,,,5
user_1304,,5,,4,,,,,5,,,1,4,5,3,,3,,4,,,1,1,,2
user_1305,,,1,2,2,4,,,4,3,,,,,,,,,3,,1,,,,4
user_1306,,,,,,,3,1,,,,,2,,,,5,1,,3,2,,,5,
user_1307,,,,1,3,4,,3,,,4,3,5,,,,,,2,4,2,,,3,
user_1308,,,,2,5,,,,1,,,,,,5,,,,5,,,,5,3,5
user_1309,,,,,,,,,2,,,,,,,4,,,5,,,,,,1
user_1310,,,4,,,,,3,2,3,,4,,,,,,,,,,5,,,4
user_1311,,5,,,,,,3,,5,,,,,,,,3,5,,5,5,3,,
user_1312,1,,,,4,,4,4,,,,3,2,,,,,,,,,,,,
user_1313,,,,,,,3,5,,,3,5,1,,5,,4,5,1,5,,,,,4
user_1314,4,,,,,1,2,,,4,1,1,3,,5,,,,1,,2,,1,,2
user_1315,,,,,4,1,,,3,,,,,2,1,5,1,,1,3,,,,,5
user_1316,,,,,,2,,,3,,2,4,,,,,,,,,,,,,
user_1317,3,,,5,,,,1,4,1,,,5,2,,3,,,,,,,,,
user_1318,,,2,,,,3,1,,,,,,4,,3,,,,2,2,,3,3,
user_1319,,,,,,,,,,,,,,,,,,,,,,,,,
user_1320,,,,,,3,,,,,,3,,1,,,,3,,,,,,,
user_1321,,,,,,,,,,,4,1,,,,,,5,3,,,,,,4
user_1322,4,4,1,,,,4,5,,2,,,,5,,,,5,,2,,4,,2,
user_1323,5,,,,1,1,2,,,,,,,5,,,1,1,,,,,,,
user_1324,,1,,,,,,,,3,,2,,,,5,,,5,5,,,,,
user_1325,,3,,1,5,,,,,5,3,,,1,,2,2,,,2,,4,,,
user_1326,,,5,,5,,5,,,,,,,,,2,,,,4,3,,,,5
user_1327,,,,5,2,,3,,2,,1,,,1,,,,1,,,,4,,,
user_1328,,,,,,,,,,3,,,,1,,,5,,2,,,,2,,
user_1329,2,3,,,5,,3,,,,,,,,,,,2,,2,,5,,,
user_1330,,,,,,3,5,,,1,1,1,,,,,,,4,4,,5,,,
user_1331,,,,,,,,5,,3,4,,,,,1,,4,,,5,,,,
user_1332,5,5,,,,5,4,2,,,,1,3,2,,,4,5,5,,,,,,5
user_1333,,,5,,,3,,,,,,5,,,1,1,,,,3,4,,,,5
user_1334,1,,2,,3,,,,1,,,4,,4,,,,,4,,,,,5,
user_1335,4,,,,5,,5,4,5,,3,2,,,,,,,,5,3,4,,,
user_1336,1,,3,,,2,,5,,,,3,5,2,,,1,,,,,,3,,
user_1337,,1,,5,,,2,,,3,4,,,,,2,,,1,,4,5,3,3,
user_1338,,,,,2,2,,5,,,,,,,,,,,2,,,,4,,
user_1339,,,,1,,,,2,4,,,,2,,,2,,,,2,3,,,,
user_1340,,,,,,,,,,,1,2,,,1,,,,,,,,,,
user_1341,,,,,,4,5,,1,,,2,,2,1,,4,,,1,1,,,,
user_1342,,5,,,,,4,,2,,1,,,4,3,,,,,1,,,,5,4
user_1343,,,,,,3,1,,1,,,,2,,,5,,,,,,,,,3
user_1344,1,,1,,1,3,,,5,3,2,,,5,,,,,3,1,,4,,2,
user_1345,,,4,,,5,,,,,3,,,,2,,,,2,,,,,,
user_1346,1,,,,,2,,,,1,,,1,,3,,,,,,,3,,,
user_1347,,3,4,4,5,2,,,5,5,,,3,3,,,,,1,2,5,,,4,
user_1348,,3,2,,,,2,,3,,1,,,,,2,,,,5,5,,,,
user_1349,,,,,,,,,,,,5,,,,,3,,,3,,,,,1
user_1350,,2,5,,,,,,1,,1,,,4,,,,,,,3,,,,
user_1351,1,,,,3,,,5,4,,,,,3,,1,,,3,,,,,,
user_1352,1,,5,,,2,,,,,,,2,3,,3,,1,,,,,5,,
user_1353,1,3,,3,4,,2,,,2,,,,,,4,,2,,,,3,,,
user_1354,4,,,,,3,,,1,,2,,,,,,,2,,,3,,1,,4
user_1355,3,,,3,4,1,,,4,2,5,,,2,,2,,,,,,,3,,2
user_1356,,,,,,,,,,,,5,3,2,1,2,2,,,1,,,,3,2
user_1357,,2,,1,2,3,,,,1,,,,,,,,3,4,,,,,3,1
user_1358,,,,,,,,,4,5,,,,,,,,,,1,,,,,
user_1359,,4,,,,,,3,3,,,5,,,,,,1,,,1,,,,
user_1360,2,2,,,,1,,,3,1,5,,5,,2,,,,,,,2,,1,2
user_1361,,5,,,1,,,5,,,,2,,,,1,,1,5,,2,,,,4
user_1362,,,3,,,,,,5,,,,,1,3,,,,,,3,,,,
user_1363,5,,,,,,,1,,,,,3,2,,,,,,3,,,,,
user_1364,,,,,,4,,,,,,,,2,,,,5,,,,2,4,,
user_1365,,,,,,,,,,5,,3,3,,,,2,,,3,,,,,
user_1366,1,,,1,,,,2,,3,,3,,,,3,1,,,,,,,,
user_1367,,,,3,,,3,,1,,2,,,,5,1,,,,,,,3,,5
user_1368,1,,,,,5,,,,,,,,5,,2,,,,,5,,2,,
user_1369,,,,1,,,,,2,,,,4,5,1,,,,,,1,,,,
user_1370,,3,1,,,1,,,,,3,,3,,,,5,,,4,1,3,,1,
user_1371,2,,2,2,1,5,,,,,,5,4,1,,3,,,,,,,,,3
user_1372,,,,,,,,,,2,1,,,,,,,,2,2,4,3,,,1
user_1373,,5,,3,2,2,,4,3,,3,,,,,,,,,,,3,,2,
user_1374,,,,4,,,,,4,,,,,1,,,5,1,,,,,5,,5
user_1375,,,,,,,,,,,,,5,,,4,,,1,,,,,,2
user_1376,4,,,,,,,,,,,,3,,,,3,,5,5,,,,4,
user_1377,,,,,,,,,1,,,5,,,,3,,,,1,,4,2,,
user_1378,5,,,,3,3,3,,,2,,1,2,1,3,4,,,,,1,,,,
user_1379,,,3,,5,,,,,,,5,2,2,,,5,,4,3,,,3,2,
user_1380,,,,,4,,,,,,4,,,,4,,,3,,4,1,,,,1
user_1381,1,1,,,4,,,,,,,,,,,,3,,,1,1,,,4,
user_1382,2,5,3,,,,,,2,,4,1,,,4,,,,,,,2,,,
user_1383,,,,,,,,5,,3,,,4,,,,,,,,,,,3,5
user_1384,,5,5,,,,3,,,5,,,,1,,,,3,,,1,,,,1
user_1385,,3,3,,,,,2,,3,4,3,4,,,,,,1,4,4,,,,2
user_1386,1,5,,2,,4,5,,,,,,,,5,5,3,4,,,,,,,
user_1387,,,2,,,,,,,,,2,,,,,,5,5,,,,,,
user_1388,,,,1,,5,,5,,4,,,4,,4,,,,1,,1,2,,,
user_1389,,,1,,,4,,,2,1,,,,,2,,,3,,,1,,,4,
user_1390,,,,,3,,,,,1,,,4,,1,5,,2,,,3,,1,,3
user_1391,,,,,1,,,,,,,5,,4,,5,1,,,5,4,,,,3
user_1392,,,,,,,,3,1,,,2,,5,2,,,3,,3,,,2,,
user_1393,,,,,,,,,,,,3,4,5,,,1,4,,,3,,,1,
user_1394,5,,,,,4,4,,,1,,,,,,,4,,,,,2,,,
user_1395,,,3,3,,,5,2,,,,,,,,,,,,,,2,,,1
user_1396,,2,3,,5,,5,1,3,,,4,,1,1,2,,4,,,,,,1,
user_1397,,,,,2,,,,,,,,2,3,3,,,1,,,3,,,,4
user_1398,,,,,4,,1,,,1,,,,,1,,,,4,3,,,,,
user_1399,,,,4,1,,,,,,2,,1,3,,,,1,,,5,,,,5
user_1400,,5,,,,,,3,,3,,,,,,,,,,,,,,,
user_1401,,,2,,,,5,,5,,2,3,,,4,,4,,,,4,,,,2
user_1402,,,,,,2,,,,,1,4,3,,3,,,5,,,,5,,,
user_1403,,,,,5,,,,1,,2,4,,3,,,,,3,,,,4,1,
user_1404,3,3,,,,,2,,3,2,,,5,,,,,,,,,,,3,5
user_1405,5,,,,1,,,,,,,,5,,,,,,,,3,,,3,
user_1406,,,3,3,,,,3,,5,,,,,,,,,,,3,,,2,
user_1407,,2,,,,5,,5,,,,,,,,,,,3,1,2,4,3,,
user_1408,,4,,,2,,4,1,,,,1,1,,,,,,2,3,,,,,2
user_1409,,,,,2,5,,,1,,,1,4,,,,,,,,,,1,,
user_1410,,4,5,,4,,,3,,,5,,,,,4,5,,,,2,,,5,
user_1411,,,,,,,,,,1,,,5,,,1,1,5,,,,,4,1,
user_1412,2,1,,,,,,,4,1,2,,,,,,,,,5,,,,4,
user_1413,,5,,,,,1,3,5,,,5,,,,,3,,5,1,,5,3,,
user_1414,3,,,,3,,,,2,,5,,,,2,,,,5,,,,,1,
user_1415,3,3,,2,1,,2,,,,,5,,,,,,,3,,,,2,,2
user_1416,1,,4,1,,,,4,,,,,,,3,,,,,,,,,,
user_1417,,1,,,,,,5,,5,2,5,,,5,,,1,,3,,2,,,
user_1418,,,,,,5,1,,1,4,2,,1,,,,,3,,,,,,,
user_1419,,,,3,,,,,5,,,1,,,,,,,,,,4,,,
user_1420,5,,,1,,4,,1,,,3,,,2,,1,,,,,,,,,
user_1421,1,,,1,,,,,2,,,,3,,,1,1,2,,,,,,5,2
user_1422,,,,,,,2,3,1,,4,,,,,,,,,,2,,2,,
user_1423,,,,3,,,,,,,,3,,3,,4,2,,,3,4,,,,4
user_1424,,,,5,,1,1,,,,,4,1,,,,,4,1,,,2,4,4,1
user_1425,5,,,,,4,2,4,5,5,,5,3,,,3,,,,,5,,,5,1
user_1426,,,,,,,,4,,,3,1,1,,4,,,,,,2,,,,
user_1427,1,,3,,,3,,,,4,1,,,,1,,5,,2,,,2,,,2
user_1428,,,,1,,,,,,,,,,,,,,,,5,,,2,,
user_1429,2,2,,1,,4,,,,2,,,,,3,,,,,1,,,,,
user_1430,,,3,,,2,,1,,,4,,,,,,2,5,,3,,,,5,
user_1431,,3,,1,,2,,2,4,,,,,1,,,,,,,,,,,
user_1432,4,,2,,2,,2,2,,4,,2,,3,,,1,,,4,,,5,5,
user_1433,,,,,2,4,3,,,,3,,1,1,,3,,,,,4,,,,
user_1434,,,2,,,,,,4,,,5,3,,,,,1,,,,,3,,
user_1435,3,4,,4,5,,,,,,,,3,,,,,,,,,1,,,
user_1436,,,,,,,,,,,3,1,,,4,,,,,,5,5,,2,5
user_1437,,,,,3,,,4,4,1,,,1,4,1,,,1,,,,,4,,1
user_1438,,,4,1,,,,,,4,2,,,1,,,,,,,,3,,,
user_1439,2,,3,2,,2,,,,1,,,,,,,,,,,,,,,
user_1440,1,,,,,1,,,3,4,3,4,,,2,,,,,5,,,,,4
user_1441,,2,,,4,,,,,,,,,,,,,,,1,,,,,
user_1442,2,3,2,,4,,,,,,,,,,,,2,,,5,,2,,4,2
user_1443,3,,,4,,,,,4,1,3,,,,,,,,,,4,,,2,
user_1444,,,5,,1,,,,,,2,,3,,,,,,,3,2,,4,,
user_1445,,4,5,,3,4,,,,,,5,1,,,,,,,,,,,4,
user_1446,4,,2,,5,3,,2,,,,4,,,,,,3,4,,5,5,,,
user_1447,,1,,1,,2,,,,,,3,,2,3,,,,,,,,4,,4
user_1448,1,3,,,4,3,,2,2,,,,3,,,1,1,,2,4,,,,,
user_1449,3,,,1,,5,,,,,,,4,4,5,5,,4,,5,,3,,2,
user_1450,,,3,5,1,,,,1,,,,,,,2,5,,,,,2,,,4
user_1451,,2,5,,1,,1,,,,,,,,,,1,4,,,5,,4,5,1
user_1452,2,,,,,,,,,,,,2,,3,,,3,,4,,3,3,,
user_1453,3,,5,5,,,3,3,,2,4,,,3,,,,,4,,,,1,,4
user_1454,2,,5,5,,,2,,,1,,4,3,,5,3,,2,,,,,4,4,
user_1455,,,,,1,,,,,3,,3,,,,4,,,,,1,3,2,1,3
user_1456,,,1,,,,4,,,2,3,,5,,,,,,,,,,5,,5
user_1457,5,4,3,,,3,,,5,,,1,,3,5,4,,,4,,,3,2,,
user_1458,2,,2,2,,,,3,,,2,,3,,4,,2,4,1,,1,,,,
user_1459,,2,,,,,4,,2,,,,4,2,4,,,,,,,,,,
user_1460,3,3,,,3,,1,,5,,,,5,,5,,,,,,,,4,,2
user_1461,3,,,,,5,,,3,,,,,5,3,,1,,,1,,,3,2,4
user_1462,,1,,,,3,2,,,,,,,,,,,,,,,5,3,,
user_1463,,,,,,5,,3,,3,,,,,,,3,,,,,,,,
user_1464,,,,,,2,,,,,,5,4,,,1,,,,,2,,,,
user_1465,4,,,,,,5,,,1,,4,,2,3,5,,,,,,2,4,1,3
user_1466,,,,,,2,1,,,,,,,,,,4,,,,,5,,3,
user_1467,,,,,4,,1,1,,5,,,,,3,1,2,,3,,,,1,3,
user_1468,,,,5,3,1,3,,5,4,2,,,,,,,,,,,,,3,
user_1469,,,,2,,,,,,,,,,,5,,1,,,,,3,,,
user_1470,,5,,,,4,,5,,,,,,1,,4,3,,5,5,3,,,4,4
user_1471,4,,,,,,,,2,4,,1,,,,,2,3,5,,,,,,
user_1472,,,,3,,3,1,,,,,3,,3,2,,5,,5,,,2,,2,4
user_1473,3,4,4,,2,3,,3,,3,4,1,3,,,4,,,,,,,3,,
user_1474,,,,,,,1,,,,,,5,,3,,,,,,,,,,1
user_1475,,1,,,3,,,,,3,,,5,1,,2,,,3,1,,,,,
user_1476,,,,,,,3,,,,3,,,5,,,,,,4,4,,2,2,4
user_1477,,5,1,5,2,,,1,5,,,,,,4,,,4,,2,,,,,4
user_1478,,5,1,,,3,,,,,,1,4,,,,,,,,,,2,,
user_1479,,1,,,,,,,,,,,3,,,3,,2,,,,,2,,
user_1480,,,,,,,5,,,1,2,3,,,,5,5,,3,5,,,,,
user_1481,,,,,3,,,4,,,,4,,,5,,,,,,,4,3,,
user_1482,4,,,,,3,,1,,,3,2,,,4,,,,,,3,5,5,,3
user_1483,,,,,,,,,,,,,,3,,,2,,3,2,4,,,,4
user_1484,,,,4,,,5,4,,,2,,5,,,,,3,,,,4,,4,4
user_1485,,1,,,,,4,,1,,5,5,5,5,,,,,,,,,,,1
user_1486,,,,,,,2,5,,,,,,,,5,,4,,,,,,,2
user_1487,,,,3,,,5,,5,,,,,,,,,2,,,1,,1,,
user_1488,,,5,,,,3,,,,,3,,,,2,,,,,,,4,,
user_1489,,4,,3,1,5,,,,,3,,,3,,,,,,,,,,4,5
user_1490,,1,,,1,2,,,,,,,,,3,,,4,,,,,,,
user_1491,,,,,,,,4,,,,,,2,,,,1,3,,,,,1,4
user_1492,,5,2,,2,,,,,3,,,1,,,,5,1,,,2,,1,,2
user_1493,,,5,,,4,,,5,,3,,,,,5,1,2,2,4,,,,2,
user_1494,,,,4,,3,1,3,,,3,,,,,,,,1,1,5,,,,4
user_1495,,,,,,5,,,,,,,,4,,,,,,,,3,,,4
user_1496,3,4,,,3,,5,2,2,,1,,,,,,,,,1,,,,,
user_1497,,,3,,,,1,3,1,1,,,5,,1,,,5,,1,3,,2,,
user_1498,5,,,,4,3,,,,5,,2,,,4,,,2,,,,,,2,4
user_1499,,,,,3,3,5,3,3,,3,,,4,2,,,1,,,1,,,1,
user_1500,,,,3,,,,,,5,,,,,1,,5,1,,,,,,,
user_1501,,,,2,,,4,2,5,5,,,5,5,,,,5,,3,,,,,1
user_1502,1,,,,,2,,2,2,,,2,2,,,3,,,,,,,,5,
user_1503,,,3,4,,5,,,,,3,,,,,,2,,,5,,,3,4,
user_1504,2,,,1,,,,,3,4,1,,,3,,,4,,,,,,,1,
user_1505,,2,3,,5,4,,,,5,,,1,4,5,,,1,4,,3,1,,,
user_1506,,,,,,,,,5,5,2,,,,,,,,,,,5,2,3,
user_1507,,,,2,,,,,,,4,4,,,,,,,4,1,2,5,5,,
user_1508,1,,,,,5,,1,,,,1,,1,,,,,5,3,,2,,,3
user_1509,4,1,,,,5,,,4,,,,4,2,5,,,,2,,5,,,,1
user_1510,2,,4,,,5,,,,,,,,,,,,1,1,,,5,1,5,
user_1511,3,,,,,,,,5,,,2,1,,,,4,,,,,,,,
user_1512,3,,,3,1,,,,5,,5,3,1,,,,1,,2,2,,,,,
user_1513,,,,4,,5,,,,,,4,,,,,,4,3,1,,,1,,
user_1514,,,3,,,,,,,,,,3,,5,,,,,,,,,,
user_1515,,,1,4,,,,,4,,1,3,,,,,3,5,,3,,4,,,1
user_1516,,1,5,,,,,,,,,2,2,,,,,,,,,,2,,
user_1517,,4,1,3,,,,,,4,,,1,,,,5,4,,3,3,4,,,
user_1518,,,,5,1,,,,,,2,,,,,,,,,,,5,,,4
user_1519,,3,1,,,,,1,,,4,,2,5,,,,3,,,,,2,,
user_1520,,4,4,5,,,3,,,1,,,,3,2,,,4,1,,,,2,5,
user_1521,,,5,3,,3,,,1,,4,,4,,5,,5,,,,,,,,
user_1522,5,1,3,,,,,,,,,,,5,2,3,,,,,,,2,,
user_1523,,,1,3,,,,,,3,,,,5,3,,4,,3,2,,,,1,
user_1524,,2,,,,,,,,,,3,5,3,,,4,,3,,,,1,,
user_1525,1,,,,,,5,,3,2,,,3,,,,,,3,1,,,,,
user_1526,,,,,,,5,4,,1,2,,,,4,2,,,4,,,,,,1
user_1527,2,,,,,,,,,,,,,5,,,,4,,,4,3,1,1,
user_1528,3,4,,,,,3,,1,,,,,,,1,5,,2,,,,,,2
user_1529,4,,,,,,,,,,3,,,,,,,,3,5,,5,,2,
user_1530,,1,5,,,1,,,,,3,,,2,,,,3,2,3,4,2,2,,
user_1531,,,5,3,,2,,3,,4,,3,,,,,,,,,1,,,,1
user_1532,3,,,,,5,,1,,,3,4,,,,,,,,,4,5,,,5
user_1533,,,3,,2,,,,,,,1,,,,3,,,,4,5,3,4,,5
user_1534,,2,,,,3,,2,,,5,,,,,,4,5,,,4,4,,,4
user_1535,,,,,3,,5,,3,,4,,4,,,3,5,,2,,,,,3,2
user_1536,,,,,3,,1,,4,,,,,,,,5,,,,2,4,,,3
user_1537,,,,,,,,,,,,,,,1,,,5,3,3,,,4,,
user_1538,,5,,,,,1,,2,,,,,1,,,3,,5,1,4,5,,,
user_1539,5,,,,,3,1,,5,1,,3,2,,,2,2,5,,,,,,,
user_1540,,3,,,,,3,,,2,4,2,4,1,,5,,1,,2,1,,,2,
user_1541,,,,3,,,,,,5,,,,,1,1,,,1,,,1,,,
user_1542,,,2,,2,,,,,,4,,,4,,,4,2,,1,,,,1,
user_1543,,,,,5,,,,,,,,4,,,5,,,,,,,4,2,1
user_1544,,5,5,,,1,,,,,2,,,2,,,,,,,,1,,2,
user_1545,,,,,,,,,,,,,2,,,,,,,4,,,5,,
user_1546,,,,,,2,,,,,,,,4,,,,,5,,2,,,5,3
user_1547,,2,,,4,,,5,,,1,,,,,,,2,3,,,,5,1,3
user_1548,,,,,,4,1,,2,,,,,,,5,,,5,,,,1,,
user_1549,,,,,,,,,,5,,4,,,,,,,,,,,,,1
user_1550,3,,,,,,,,,,,,1,,1,,,,,,,,2,,
user_1551,2,,4,,,2,1,,,5,,,,5,,,5,5,,,5,,2,3,
user_1552,,3,,,,,,,,3,,,,,,,,,,,,,,,
user_1553,,5,,,3,,,,,5,,,,,,1,,,,,4,,,5,
user_1554,3,,,3,,,4,,1,,,,4,4,2,,5,,,,,,1,5,3
user_1555,,,,,1,,3,,1,,,4,,2,,5,,3,,5,,5,,,
user_1556,,,,,,,,,,,1,,,,,,,,,,,,,,5
user_1557,2,1,,4,5,3,1,,4,,,,,,,,4,,,5,5,,5,2,1
user_1558,,,5,2,,3,,,,,,1,,1,,,,,5,3,,,3,4,
user_1559,5,,,,3,,2,,,,,,,,,3,,,,,,1,5,,
user_1560,,,,3,,4,,4,1,,,,,,,,,,,,2,,,,
user_1561,,3,5,1,,,,,,,,,3,4,,,,,,5,4,,1,,
user_1562,,,,,1,,,,,5,4,2,3,,,,1,,1,,,1,,,4
user_1563,,,,5,2,,3,,2,,,4,,3,,,3,,,4,,1,,,
user_1564,,,,,,3,,3,,,,4,,1,2,,,,,,,5,4,,
user_1565,1,,,,2,,4,3,3,,,,4,,,,4,,,,4,5,,,3
user_1566,4,,,,,,,2,,,,1,,,1,,,,5,,,,1,2,
user_1567,,,,,,,,,1,,2,,,,,,5,,,,4,,,,2
user_1568,,,,5,3,,4,2,5,,,2,,,2,5,,,,,1,,,,
user_1569,1,,4,,2,5,,,,5,,3,,5,,,4,,,1,,,,,
user_1570,,,,1,5,1,,,4,,,,,4,,,3,3,,5,,5,,3,
user_1571,5,,4,,3,,1,,1,3,,5,,,,,,2,,,,1,,,
user_1572,,,,,,,,,,,3,,,5,,,3,,,2,4,4,,,
user_1573,1,,,,1,,1,5,,2,,,4,,,1,,,,,,,3,,
user_1574,4,3,4,4,,,,,,,,,,,,,1,,,,1,3,,,1
user_1575,,,1,,4,,,1,,4,3,,,1,1,4,,1,,,3,,,4,
user_1576,4,4,,,3,,,4,4,,4,,3,,,3,,2,,,3,5,,,2
user_1577,5,5,,,,2,5,3,,,,3,4,,4,,,,,1,5,,,1,5
user_1578,3,,2,4,,,2,3,5,3,3,1,,2,3,1,,,,,5,,,,3
user_1579,,,,,,,,1,,,,,5,1,3,,,5,3,,2,4,,5,2
user_1580,,,,,5,2,,4,,3,,5,,,5,,,5,,,2,5,,,
user_1581,,,,,,,,,,,,2,,,,,,,,5,,,,,5
user_1582,,,,,,2,,3,,,,4,,3,,1,,,,1,,,3,,3
user_1583,,5,,3,,,4,,1,1,,3,5,,,,4,,2,4,,,,,
user_1584,,,,5,1,,,,,,4,5,4,1,,,,,5,3,,,1,,
user_1585,,,5,,,4,,1,,,,,,,,,,5,4,,,,,,
user_1586,,,,,,2,5,,5,,,,,2,,,,,3,2,1,,,,
user_1587,2,,,3,,5,,,4,,2,,,3,,,,3,5,,,5,1,4,1
user_1588,,,,2,3,,3,2,4,,,,,,1,4,,2,,2,,,,,
user_1589,,,,,,,,,,,,3,,,2,,,,,,,,,2,
user_1590,,,2,,4,,,,1,5,2,5,,,1,,,,,4,,,,2,
user_1591,4,,,,3,1,,,,,,,,,,1,,,5,,,1,4,,
user_1592,,,1,,1,,,,,,3,,,1,,,4,,3,4,,,,2,
user_1593,2,,,,4,,,,5,2,1,1,4,,,,,,,,,4,1,,
user_1594,,2,,5,,,,,,,2,3,,,,,5,4,1,,3,,,,3
user_1595,5,,,2,,,4,,4,,,,,1,,,,,,,1,5,,,5
user_1596,,4,,,,,,,,,,,,,,,,,,5,2,,,,5
user_1597,,4,2,1,,,,2,,,,,,,,,1,,,1,5,,,,
user_1598,,,,,4,2,5,,,,,,4,,,,5,,,,,3,3,,4
user_1599,,,,,,,,,1,,,,,,,2,,,,,,,5,,
user_1600,,,2,,,,,,1,,,,,,,,,,1,4,,,,5,4
user_1601,4,,,5,,2,,4,,,,3,1,,,,,,,1,,,,,
user_1602,,,,,,,1,1,,,,,,,,,,,,,,,,,
user_1603,,,4,,3,,,,,5,,,,5,,,,,2,,,2,,3,
user_1604,,,4,,3,5,4,,,5,1,,,,1,,,,,,,,,,3
user_1605,3,,,1,,,,,,,,1,5,,,,,,,,2,,,2,
user_1606,,,,,4,,,,,,1,1,,,4,4,,4,,,,,5,2,
user_1607,2,,,,1,,,,1,5,,,4,,,,,1,,2,,4,,,5
user_1608,,,,,2,,,,,,,5,,,5,,,,2,,2,,3,,
user_1609,,,,,4,,,,,,,,2,,,,3,,,5,3,3,,,
user_1610,1,,4,5,1,,1,,,4,5,,,,,,5,,1,,,,,5,
user_1611,5,,4,,,,,,,4,,,,,,,,2,2,2,,,,,
user_1612,,4,2,,4,,,,,,3,5,,,,,,,,,,,,4,
user_1613,,,,,,,,,4,,,5,4,,,,5,,5,,,4,,,
user_1614,5,,1,,4,,,,,,5,1,2,,,,,,,5,,3,,5,2
user_1615,,1,2,,,,,,,3,1,,,,5,,,4,,1,5,3,,,
user_1616,2,,,1,,,4,,,5,,1,3,2,1,,,,5,,1,,4,4,
user_1617,5,,1,1,1,,,,,,,,3,,,5,,,,,,2,,,3
user_1618,,,,,,,,,3,1,,3,1,,,1,1,,,,,,,,2
user_1619,,,,5,,,4,,,2,4,2,,,,,,,5,,,,,,
user_1620,,,,,,,1,,,,3,3,,3,,,,4,,,,,,2,5
user_1621,,,4,,,,,,,,,,,,,,,,,4,,,,,
user_1622,,5,,,,,,,3,,1,,,5,5,,,3,,3,5,2,5,,
user_1623,5,,3,,,,5,3,,1,,,,,,,,,,,,,,1,3
user_1624,,,,,,,1,,,,,1,,,4,,2,,4,,,,,,
user_1625,,2,5,5,,,,1,,,,,,,5,,,1,,1,,,5,,3
user_1626,,,3,,2,,,,,2,,,,,,,,,,,,,,,
user_1627,1,,4,,4,,,,,,,,1,,,3,,,1,,,,,,
user_1628,,4,,,,,4,,,4,,,5,,,,,1,2,,,,3,5,
user_1629,,3,,,5,,,3,2,,,,,,,,,,,4,,,,,
user_1630,,,3,2,,,,5,,1,,,,1,4,,4,,,,,5,4,,3
user_1631,,,,1,,,2,4,,,,,,,,,,,,5,,,,,
user_1632,,5,,2,,,2,,,,,5,4,,,1,1,5,2,4,4,,,,2
user_1633,1,,,,,,1,,3,,,,,3,,,,,,,,,3,,
user_1634,,,2,1,3,,,,,,4,,,,,,,,,3,,,,,
user_1635,1,,,3,,,2,,,,2,3,,,,5,,5,,,,,,,1
user_1636,,,,,,,,,,1,3,3,,1,,,,,,,1,,,,
user_1637,,,3,4,,5,3,2,,,,,3,,,,2,,,,,,,,
user_1638,,,,,5,,,4,,,3,5,2,,,,,,,,5,,,,
user_1639,,,4,,,1,,,,,,,,,,,,,,,5,5,,2,
user_1640,4,3,,,,,,2,,3,,,,,,,,3,3,2,,,,3,
user_1641,,,,2,,,,,,,,,,,,1,,,4,,,,,,
user_1642,,,3,,,,,,,,,,,2,1,,,,,,,,,,4
user_1643,,1,,,,,2,,,3,,,,,,4,1,,,1,,,3,,
user_1644,,,,3,4,,,,,5,3,3,1,3,,,,,,,,,2,,
user_1645,3,,3,2,4,,,1,,,2,4,,4,4,,1,4,,3,1,,,4,3
user_1646,,,,,,1,,,,,,,,5,,2,,,,5,,,,,
user_1647,,,5,,,,5,,,,,,,1,,,,5,,,,4,,,
user_1648,,3,,4,,,,3,,,1,1,,,,,,,1,,,,,,
user_1649,,,,,2,,,5,,,,,,,,,3,5,1,,,,,,
user_1650,,3,,1,,1,,,4,1,,2,,3,,,3,5,,,3,1,,2,
user_1651,,1,,,1,,,,,,,,,5,4,,2,2,,,,,,,4
user_1652,,,4,,,,,4,5,,,3,,,1,,,,,2,3,,3,1,
user_1653,1,,,,,3,,1,4,,4,,3,,3,1,,,,1,,2,,,
user_1654,,,,5,1,,,4,,4,,4,,,,4,1,2,5,,,,,,
user_1655,,,,,4,,,,,,,,,,,,,5,1,2,2,5,2,,
user_1656,5,,5,,1,,2,,,3,1,,,,4,,4,4,,,,,,,
user_1657,,2,,,,3,,2,4,,,,,,,,4,,,,,,,,5
user_1658,2,1,,,,,,,,3,,2,,,,,,1,,,,,,,
user_1659,,5,,5,,2,,,,3,,,,5,,,,,,,,2,,1,3
user_1660,,3,,,,,,,,,,,4,,2,4,,5,,3,,,,,
user_1661,3,4,5,,,2,,,,2,,,,,,,4,,3,,,2,4,,
user_1662,,,,,3,,,1,,,,,,,,,,,4,,,2,1,1,4
user_1663,,,,,5,,4,,,,2,,5,,,,2,5,,,,,,1,
user_1664,,,,,,,5,3,2,5,,,,,,,,,4,1,,2,,4,4
user_1665,,2,,,,,,,,3,,,2,3,3,5,2,,,,2,,2,,
user_1666,1,,,5,,,,,,,,,,,,,5,,,,,4,3,,
user_1667,,,,,,,,,3,4,,,2,,,,,3,,2,,,1,,
user_1668,,,,1,,,,,,,,,4,4,1,,,,2,4,,,,,4
user_1669,2,1,,1,,1,2,4,,,4,,2,,2,,,,,,,,1,,1
user_1670,3,1,2,,,,,2,,5,,,1,2,,,,,,2,4,2,,,
user_1671,,,,,1,,,,,,3,,2,,,,,5,,,5,,,,
user_1672,,,,2,,,,1,,,4,2,,5,,5,1,,,,,,,,
user_1673,,,,2,,4,,,,,4,2,,1,,,5,,,2,,1,,,5
user_1674,,,,2,,,,,,,,,,,,,,,,,,,5,3,2
user_1675,,5,,4,1,,1,,,4,5,5,,,2,,,,,5,3,,5,,
user_1676,,4,4,1,4,2,3,1,,4,,1,,,,,,,3,,,,,,5
user_1677,,,,,,,,,,,,3,,,4,5,,,,2,,,2,4,
user_1678,,,,5,,,,,1,,3,,,2,1,,,5,5,4,,3,4,,
user_1679,,,,1,3,,,,,,3,4,,,,,,,,5,,,5,4,
user_1680,,,,,,,,2,,1,,,2,,,,4,,2,2,,,2,,3
user_1681,5,,,2,,,,,2,,,,,,,,,,,,2,,,,
user_1682,,,,,3,,4,,,1,,3,,,4,,,,3,,,1,,,
user_1683,,,,2,,,2,,1,5,,5,,,,4,,,,,,,,4,
user_1684,,,5,,,,,,,,,,2,,,,,2,,,,,1,,3
user_1685,,,2,,,,,,,,,,5,4,2,,1,5,,,,,,,5
user_1686,2,1,,5,,,1,,,,1,,,,,,,,,,,2,5,,
user_1687,,,,,,,,3,,,3,5,,5,,,,1,3,,,2,4,,
user_1688,,,1,,,,,,,5,3,,1,,1,,,,,,3,,,4,1
user_1689,,,2,,,,,1,1,,,1,,,2,,1,,,4,3,,,5,
user_1690,,,,1,,,,2,,,,3,,1,,,,4,4,,1,5,,,4
user_1691,,4,,,,,,5,,,4,1,,,,1,,,4,,,,4,,3
user_1692,,,,3,,,,1,,,,,,3,,,,,,,,3,,,5
user_1693,4,4,4,,1,3,,,,3,,,,3,,2,1,,5,,,,,4,
user_1694,,2,,,,,,3,5,,,,,,,4,4,3,5,,5,3,5,,
user_1695,,,5,,4,,,,2,,,,,1,2,4,1,,3,5,,2,,,
user_1696,3,,,,,,,,,,,4,,,1,5,,,2,,3,,,,
user_1697,,,,4,,3,,3,,,,,,,3,1,,1,,,,,4,,
user_1698,,4,3,5,,,,3,,,,3,2,,3,2,,1,,,,3,5,,
user_1699,,,3,,,,,,,5,,5,,,2,4,,,,,,,,4,3
user_1700,,2,,,,2,2,,,,,,4,,1,,,,,,4,,2,,
user_1701,,5,5,,,,,,2,,,,,2,,3,,3,4,4,,2,1,,
user_1702,2,1,5,,1,,2,2,,2,3,2,,,2,,4,,,,,,1,1,2
user_1703,,,,,,,,1,2,,,,2,5,,,,2,,,,4,,5,
user_1704,5,3,,,1,5,,,,,,,,,2,,,3,,,,2,,2,
user_1705,5,,,,2,,1,,2,,,,,1,,,5,,,3,2,5,,,
user_1706,,,5,5,,2,,,4,,,2,3,,4,,,,,,,,,,
user_1707,,,3,,2,,,,5,,,5,5,,,,,,,,4,,,,
user_1708,3,1,,,5,,1,2,,2,,,,4,,,,,,,4,,,,
user_1709,,,,,2,,5,,,3,,3,,5,,4,,,,,,3,,4,
user_1710,,5,,,,,4,,3,2,,,2,,,2,5,,2,,2,,4,,
user_1711,,,3,,,2,,5,,,,,,,,,,2,4,,,,5,4,
user_1712,,,,3,,,,,,5,,2,,1,2,3,,,,,,4,,1,
user_1713,,,,,,2,,3,1,1,,,,,3,,,,,,,1,4,,
user_1714,,4,,,,,2,,,4,,,5,5,,4,,1,5,3,4,,2,,
user_1715,,1,,1,,,,,4,,4,,,,5,2,1,,,2,,,,1,
user_1716,1,,2,,3,3,,,4,2,,,,1,,1,,,2,,,1,,,4
user_1717,4,,,2,,,1,,,2,,,5,4,,3,2,,,5,1,,,1,
user_1718,5,,1,2,,3,,,5,,,,,,,5,,,,,,,1,,
user_1719,,,,4,4,,,,,,,,,,,,,,,,,,,1,2
user_1720,3,,5,,1,,1,,,,5,,,,2,3,,2,,,,,,3,4
user_1721,,4,1,,,4,4,,,,,,1,5,,,,,,,,2,,,
user_1722,4,,,,2,,,,,,,,,3,,4,,3,,,,,4,,
user_1723,,,,1,2,,2,,,,1,,,,1,,2,,,,,,,,5
user_1724,1,,4,5,4,,4,,3,4,1,,,,,,,,5,,,,,,
user_1725,3,4,,1,,,4,3,4,,,,2,,,2,,,,,,,5,,
user_1726,,4,,3,,2,,,,1,,,,,,,,3,,,,,3,,
user_1727,3,,,,,4,,3,,,,,5,,,,,,,,5,2,,,
user_1728,,1,,1,,2,,3,,,1,,4,,,5,,,,,,3,,,2
user_1729,,4,5,,5,,,,1,4,,2,4,,,,5,,,,,3,,4,
user_1730,,4,,1,5,5,,,,,,,,1,4,3,,,,5,,,,,
user_1731,,2,1,3,,3,,,,,,,4,,,,4,,,5,,,1,,
user_1732,,,,,1,1,,3,2,,,4,,2,,,5,,,,,,,,
user_1733,2,,,,3,4,,,,,,,,2,,,,2,,,,,,,3
user_1734,,,3,,,1,,5,,2,,,5,3,4,,,,,,,,4,,
user_1735,,,,,,,,4,,3,,,3,,,,2,,,,,1,,,3
user_1736,,2,,,5,,,,,4,,3,3,,,,4,,3,2,2,,,,5
user_1737,,2,,,,,4,,5,,,,,5,,,,,,,,,,,4
user_1738,,,,,,1,4,5,3,,,,,5,,4,4,,,4,5,,3,5,
user_1739,,,5,,,3,4,,2,,,,4,,,,1,,4,2,,,,,3
user_1740,,,,,,1,,,2,,5,2,,2,,,,,,4,4,,,4,
user_1741,,,,,,,,,,5,,,3,,,2,3,4,,1,,,1,5,2
user_1742,3,4,4,,4,,,5,,5,4,5,5,,1,1,2,,,,,3,5,3,
user_1743,4,,,1,2,,,,,,,,,,,,,,,,3,,,,
user_1744,,,,,,3,,5,3,,3,,,4,4,,,2,,,5,,,,
user_1745,,5,,,,,,,1,3,,,,,,,3,5,,,,,,,1
user_1746,2,,3,1,,,,,,,,4,,2,4,,,,,,1,,,,3
user_1747,,1,2,3,,,3,,,,,,,2,4,,,1,,5,,,4,,
user_1748,1,,,,,2,2,,,,3,,,1,,,,,5,1,,,,2,
user_1749,,,,,,1,1,1,,,2,,,3,3,,2,,,3,,,,,
user_1750,,2,,2,,,,,4,,,,4,,2,,,,,,,,5,,
user_1751,4,,3,,,2,5,1,1,,5,1,4,5,,,,3,2,,3,4,5,3,
user_1752,,,3,4,1,,,,,,,,1,,,,,,1,,,,,3,
user_1753,5,2,,1,,,2,,,,,5,5,,,,,,,,,,3,1,3
user_1754,,,,5,4,,,,,5,,,2,,1,4,5,3,,5,,,,,5
user_1755,,,2,4,,,,,5,,,,,,,,,5,,3,5,,,,
user_1756,,,2,1,,,,,,,,4,,,,,2,1,3,,,,,,
user_1757,,4,5,2,,,4,4,,,,,2,2,,,,,2,,,1,,,
user_1758,,,,,,5,,,4,,3,,,,4,,,4,4,1,,,,,
user_1759,,4,,4,,,2,,,,,4,2,,,,1,,,,3,,,,
user_1760,3,,,5,,,2,,3,3,5,,,,,,2,,1,2,,,,,
user_1761,,5,,,,,,,5,,5,,,3,,,,,5,1,,,4,,
user_1762,,,,,,,5,,5,,2,,3,,,5,,,5,3,,,,3,1
user_1763,,,,,,,,,,,2,1,,,,4,,,3,,,,,,
user_1764,,,,4,,,,,,3,,2,4,4,,1,,,,,,5,,4,
user_1765,2,,,2,,,,,3,,,2,,2,,,,,5,4,1,,,,1
user_1766,,,,,,5,,,,2,,,,2,,,,,,,,1,,,5
user_1767,2,3,,,1,,3,,,,1,,,3,5,,5,,4,,,,1,,
user_1768,,,3,1,,,,4,,,4,3,,,,5,,,1,,,,,4,
user_1769,,5,3,,4,3,,,2,,1,3,3,,3,,1,,4,2,,2,,2,4
user_1770,,,2,,,,,,,2,3,,,,3,,1,,,,,,,,
user_1771,,,3,4,,,,,,,,,4,,3,,,4,3,4,5,2,,,
user_1772,,,,1,1,4,,4,,,,,3,,,,,,,,,,,,
user_1773,,,,,3,,,1,5,,,,5,,,5,,,,,3,2,,1,
user_1774,,,,,,,,,,,,3,,1,,,,,1,,5,,,1,4
user_1775,4,,,5,4,,,,,,,,,,,2,4,,,4,4,4,,2,5
user_1776,,2,,,,,,,,,,4,,,,4,1,,4,,,,,,5
user_1777,,4,5,,,,,,,4,,3,,,5,,,,,4,,,,,
user_1778,2,,,4,4,,,,,,,,,,,,,,,3,,,,,
user_1779,,,,,,,,,,,,,2,1,,,2,1,,,,3,1,,
user_1780,,5,,5,,,1,,,,3,,,2,1,,,4,,5,,,5,,
user_1781,,5,,,,,,,2,,,,,,4,,,2,,,3,,,,
user_1782,,,,,3,2,,,,4,3,3,,,4,,,,,,3,,,,3
user_1783,,,1,,,,,,,,1,,2,,,,,,,,1,4,,5,
user_1784,,1,,,,,4,,,,,4,,3,,,3,,5,5,5,2,,,
user_1785,3,,,,,2,,,2,4,1,,3,,2,,,,,,,5,,,5
user_1786,,,,2,,,,1,,,4,,,,,,,,,4,,,4,,
user_1787,1,,,,,2,,,,,1,,,,,5,,,3,5,,,5,1,
user_1788,4,,,2,4,,,,,,,,,5,,2,,,,,,2,,,
user_1789,,4,,1,,,2,4,,,,,,,,2,4,4,,,,,,,
user_1790,,,,1,2,5,,,1,,,,,,,,,,,,,,,2,
user_1791,,2,,,,,,,4,,,2,,,,,,,1,,3,,,,3
user_1792,,,,4,4,,,,4,,,,,,4,,,,5,5,,3,1,4,4
user_1793,1,,4,3,,4,,,,1,4,1,4,4,,,,,,,,4,,1,
user_1794,2,,,,5,2,,,,,,,,,,5,,,5,5,,4,,,5
user_1795,,,,,1,,4,,,,,,,,5,2,,,,,5,5,,3,
user_1796,,3,,,,,,2,,,2,1,,,4,,,,5,,,,,,
user_1797,,2,3,,,2,,,,,1,,,,1,4,,,,,4,,5,,
user_1798,,,,2,3,3,,1,,,,,,,3,3,,,,,1,,,,1
user_1799,4,5,,,,4,5,3,,,5,,,,,4,2,,,1,,,,,
user_1800,3,,,5,,5,4,,,4,,,,2,2,3,,,,,1,,,,
user_1801,2,,,,,1,,2,,,,,,4,4,,,,4,,2,,,3,1
user_1802,,,,,,,2,,,,,,,,,,,4,,,,,,,
user_1803,,,,,,,,,,1,4,,2,,,2,2,,,3,,,,1,3
user_1804,,3,,1,2,,1,,,,,,2,,2,,,4,,1,3,,2,,
user_1805,,,,,,3,,,,,,,,4,,,,4,,1,,3,,,
user_1806,,,5,,,,1,,3,4,,,4,,1,5,,2,5,2,,3,,,
user_1807,,,,1,,,,5,,,,,,,5,,1,,,3,,,,,1
user_1808,2,,4,,,,,4,,,,,,,,,,2,,,,2,,,
user_1809,,,2,,,3,1,,,,,,,,,,,,,,2,,,,
user_1810,1,,4,,,,,,,,,3,1,1,,3,,,,,,3,,,1
user_1811,1,,,2,4,,,,,,3,3,4,,4,,2,,3,,4,,,,
user_1812,,5,,5,,3,,5,4,,1,5,,,,4,,,1,4,,,,,5
user_1813,,,,,,,,,,2,,,2,3,,,,3,3,,,,,,
user_1814,2,,,,,2,,,,3,,,,,,,1,,,,,,5,2,1
user_1815,,,1,4,,,,5,,,3,,2,,,,,,,,,,,2,3
user_1816,,,3,,,,,5,4,,,3,,5,,5,,,,,,3,2,1,
user_1817,,,,,,,2,,,4,,,,,,3,3,5,,,4,4,,,
user_1818,2,,,2,,1,,,2,3,2,,,,,1,,4,4,,,3,,,
user_1819,,5,,4,,,,,,2,,4,,,,,,5,,,,,2,,3
user_1820,,,,,1,,,,,,,2,,,2,,,,,,,,,,3
user_1821,,5,,,,,,3,4,,2,3,,,,,,,,,,,,,
user_1822,,4,,,,,,4,,,,,,,,,4,2,,,,,,,
user_1823,5,,,,4,,,5,,4,,,,,,,,,,4,4,5,1,,4
user_1824,4,3,3,,,,3,,,2,,,,,,,,,3,4,,5,4,2,3
user_1825,5,4,,2,4,,,1,,,,,,,5,,,,,1,,,1,3,
user_1826,,,,3,,2,,5,,5,3,2,,4,,,2,1,,,,,,,
user_1827,,2,1,1,2,,,,,,,1,,,,4,,,,,,,,,
user_1828,,,,,,2,5,,,,,,1,2,,,4,3,,4,3,,,4,
user_1829,,,,,,,,,,3,,4,3,,,,,,1,5,,,4,2,
user_1830,,4,,3,,,,,,,,5,,,1,,2,,4,5,,,,4,
user_1831,,,,4,,,5,,,,,,,,1,,4,,3,,4,,,4,
user_1832,3,,5,1,,,5,3,,3,,2,,,3,,2,,3,,,1,,,
user_1833,3,,,,2,,,,1,2,,,,,,,,4,4,,5,,,2,
user_1834,3,,1,,,1,,,,,1,2,,5,1,,2,1,,,,,4,,
user_1835,1,,,,3,5,1,,,,,,,,,5,,,,,,4,3,1,
user_1836,3,5,,,,,4,,,3,1,,2,1,,,,,,,,5,,,
user_1837,,2,,,3,4,,,,4,,,,2,,,4,,,,,,4,5,3
user_1838,,,4,5,,,,,5,,5,2,,,,2,,5,5,2,,,,,
user_1839,,,,,,,,,,,,,1,,3,,3,4,,,,,,,
user_1840,,4,3,,,4,,,,,,5,,,4,,,,,,,,,2,
user_1841,,5,,1,3,,,2,,,,1,3,3,,,1,,,,,,,,4
user_1842,,2,,3,5,,,,,,,,,,5,3,,,1,,,,,,
user_1843,2,,3,,4,5,,,,,,,3,,,2,,,,,,,,,
user_1844,,,,,4,,,,,,4,,,5,,4,,,1,,,,4,,5
user_1845,,4,1,,4,,1,,,,,,,,,,,,3,,,,,,
user_1846,,1,2,,,,,,,,4,,,2,,,4,,,,1,,,,
user_1847,3,1,,,,,,,4,2,,2,,,,,,,1,1,1,,,1,
user_1848,,1,,2,,,4,,,1,,,,3,2,,,,,,,,,,
user_1849,,5,1,,4,,,,,4,,,,,,,,,5,,,5,,,
user_1850,,,,,2,,,,,,,3,,,1,5,,,,,,,,,1
user_1851,,,2,1,1,1,,,,,,,2,,1,5,,4,,,,,,,
user_1852,,4,,,,,2,,,,,,,3,4,,,1,,,4,,1,4,
user_1853,,2,,,,,,3,,,2,,3,3,5,,,,5,,,,,,
user_1854,5,4,,,,,,4,5,,5,,,,4,,,,1,,3,2,,,4
user_1855,,,,,5,,,,,4,,,,,,5,,4,1,,2,,,2,2
user_1856,,,,3,1,,,,2,,,,,,5,,4,,,1,,2,,,
user_1857,1,,,,,,,,,,3,,,,,,,4,,,2,2,,,1
user_1858,,4,,,,,,,1,,5,,,,3,,,,3,,,,,4,1
user_1859,5,,,,,5,3,,,,,,5,2,,,,,4,,4,,3,,2
user_1860,4,1,,1,,,1,,,,3,,,1,,5,3,,,,,,,5,
user_1861,1,,5,4,5,4,,4,,,5,,2,1,,,,5,,4,,4,,,
user_1862,,4,,,,,,,5,,,,3,,5,5,,,,,,,,1,2
user_1863,,,,,,,,,,3,,,,,,3,3,,,,1,,1,,5
user_1864,,,,,,,,4,,5,3,2,3,2,,4,,2,,,,,,,
user_1865,,,,1,5,,,,1,,1,,1,,,,,,,,,4,,,
user_1866,,3,,,2,3,,,4,,,,,,5,,4,,1,3,,,,,
user_1867,1,,,3,,,2,,,,,2,,,5,,,5,3,,,,5,1,
user_1868,,,,,5,3,,,,,,,1,,,,,,3,,,2,,,
user_1869,,,,,,,,1,,4,2,,,5,,3,,3,,3,5,3,,,
user_1870,,,4,,,,,3,,,,,,,,,,,,,,,,,
user_1871,,2,,4,,,1,,,,,,3,3,,,3,,,,2,4,2,,
user_1872,,,,,,4,,5,,,1,,,,,,,1,1,4,5,3,2,,
user_1873,,4,3,,5,4,5,,1,4,,,,,,,,,,,,,4,,5
user_1874,,,,2,,,,,,,,,,3,2,,,4,,,,,,,
user_1875,5,,5,,5,,,,,,,,,,,,,1,,,,3,,,
user_1876,2,,,,,,,,,1,,4,,,1,,,,,,5,,,3,3
user_1877,,,,2,,,,,,,,2,,,,,,,,5,,,2,,1
user_1878,1,1,3,5,,3,,,5,,3,3,,,,,,1,,,,,,2,
user_1879,,,,5,,,,4,,,,,4,4,,,,,2,2,,2,3,,4
user_1880,,,,,5,,2,,2,3,2,1,,,4,3,,,,,,,,1,
user_1881,,,2,3,,,,,2,,4,,,3,,4,4,,3,,4,,,2,1
user_1882,2,2,2,3,,,4,,5,,,,,3,2,,,,,2,,5,1,,
user_1883,,,1,,,,1,2,,,,3,,3,,,,,,4,,,,,
user_1884,,,,,3,,,,,,,,4,1,,3,,3,,,,,,,
user_1885,,3,,2,,5,,,,,1,,,,,3,,,,2,,,3,,4
user_1886,3,5,,,,,,5,,1,,,,5,,5,5,,,3,,3,1,,
user_1887,4,,,2,,3,,,,5,,,,,,,,4,,,,,,2,
user_1888,,,,1,,1,,3,1,1,1,1,,,2,,,,,,,,,2,2
user_1889,,,2,,,,4,,2,,3,,4,1,,,5,,,,,,,5,
user_1890,,,,,,5,,4,5,,,,,4,,,,,,,5,,,,
user_1891,,4,,3,3,2,1,,,,4,,,,,,,,,,,,2,,
user_1892,,,,,5,,3,,3,3,,5,,4,,4,5,,,,,,5,1,
user_1893,,1,,,,,,3,,,,1,,,,2,,,,,,,5,3,
user_1894,,2,3,,,,,3,,,,,1,,,,,,3,5,,,,3,
user_1895,,1,,2,3,3,,,,,,,1,,3,,,4,4,1,,1,,,4
user_1896,3,,3,,,1,3,,,2,,1,,,5,,3,,,,,,,,4
user_1897,4,2,,,,,3,,,,3,,,4,2,,,,,2,1,1,,,
user_1898,,5,4,1,,,2,,4,3,,3,5,,,5,,4,1,2,1,,,1,
user_1899,,,2,,,,,,4,2,3,,,,,,,,,,,,3,,
user_1900,,,,,,,,5,,,,,,,,,,2,,,,,,,
user_1901,1,,,4,,,,2,,,4,2,5,,5,1,,,,,,,,,1
user_1902,3,,,,,,,,2,2,,2,,5,,,4,,5,5,,,,,
user_1903,4,,,,,,,1,,,,,,,1,1,,,,,,,,,1
user_1904,,,,,,,5,3,,3,,,,1,,5,,3,2,,,3,2,4,
user_1905,,,,2,,,,,,,,,,,1,2,,,,4,4,,2,,4
user_1906,,,,,,,,5,4,,,,,,,,,5,4,4,,,,,
user_1907,,,,,,,3,,,,,4,,,,,,2,5,,,,,,1
user_1908,,5,4,3,,,,,1,,,,1,,,,,,4,,3,,4,,3
user_1909,,,,,,1,,,,,,,,5,,,,1,1,,,,,,
user_1910,2,2,,,,,,,4,4,,,,,,,,5,,,,,,,3
user_1911,,,,,,,3,5,,,,,,,,,1,,,,2,,,,
user_1912,,3,,,,,3,,,5,2,,4,,,2,,,,,,,1,,
user_1913,,,,3,1,4,,5,,,3,,,,,,3,,,5,,,,,
user_1914,,,,,,,,,1,3,,,,,,,,,5,,,,,,
user_1915,,5,,3,,5,,,,,,,4,,,3,,,5,,,2,2,5,
user_1916,,,,,,,3,,,,,,1,,,4,2,,,,,,5,,
user_1917,,4,,,,,,3,4,2,2,3,1,,5,2,,,,2,,,,2,
user_1918,,5,,,,,3,4,2,,,,1,3,1,,,,,5,4,2,,,
user_1919,4,,5,1,,,2,,4,,,4,,2,3,,,,,,,,,,
user_1920,,,,2,3,,,,,,,,,2,,,,,,,,,,,3
user_1921,,,,2,,1,3,,5,,,3,1,,,,4,3,,,,,1,2,1
user_1922,,,,,,1,2,,,1,,,2,2,2,,,,,5,,,,2,
user_1923,,4,2,,,,,,,4,,,1,,,,,,,,4,,,,
user_1924,,5,,3,,5,,,,5,,,,4,,,,,4,,2,,,,
user_1925,,,2,,,,,5,3,,,,1,,,,,,4,,,,,,
user_1926,,,,,3,,,,,3,,,,,4,,,2,,4,,1,,,5
user_1927,,1,3,1,,,,4,5,,,,,,,,,,,4,,,,,5
user_1928,,,,3,5,,3,,,4,4,1,3,,,5,,,,,,,,,
user_1929,5,,,,3,5,4,4,,,,,5,,,,2,,1,2,,,,1,5
user_1930,,3,1,,,,1,,,,,1,,,5,,2,,,,,2,5,,
user_1931,,,,,,,1,4,3,4,,,,,,,,,1,,,,,,
user_1932,,5,3,,,,1,,,,5,,,3,3,,,,,5,1,2,,,
user_1933,,,,,,,,,,,1,,4,1,,,,2,,2,,,3,,1
user_1934,,5,,,4,,,,,,2,1,,,1,,2,,,4,,,1,,1
user_1935,,,,4,,,,,3,,,1,,,,,,,3,,,,,4,5
user_1936,4,,,,,,,4,,4,,,,4,,,,,5,3,3,,,1,
user_1937,,,,3,,,4,,,,1,,,,,1,,2,5,4,,3,2,3,
user_1938,,4,4,,4,,,,,,,,,4,2,,,,,,,,,,3
user_1939,,,,,4,,2,,,5,,,5,,4,,4,,,,,,,,
user_1940,2,,,4,3,,,,,,5,,5,,3,,,,,,,,,,
user_1941,,,,,,,,,,3,,,,3,,,,,2,,,,,2,
user_1942,,,,,,,3,3,,,,,,,,,,3,,,5,,,,
user_1943,,,4,,,4,4,,2,1,,,,,,2,,,,,,,1,,
user_1944,,4,,,,3,2,,,,,3,,,2,,,5,,4,,3,,,
user_1945,,3,,2,,4,,,4,,,,,3,4,,3,2,,,5,,2,,
user_1946,,1,,,,,,3,1,5,,,,,,,,,,,,3,,,4
user_1947,,,,,,,,,2,2,,,,3,5,3,4,3,2,,2,3,2,,
user_1948,4,5,,4,,,,,,,,,,,2,2,,,1,5,,,,,1
user_1949,,,,,,1,1,,,,,,,5,,,,5,,,,,5,,
user_1950,,,,,1,,,1,,5,5,,,,,,2,,,2,3,,,,
user_1951,,5,,,,,,,,,,,,,,2,,,,,,1,,,
user_1952,,4,,1,,,,,,,4,2,1,,,,,,,2,,,,,
user_1953,,,,,3,4,,,3,,4,,,2,,2,4,,,,5,2,4,,
user_1954,,,3,,5,,3,,3,3,,4,,,,,,4,2,,2,,,,1
user_1955,,5,,,,,,4,1,,1,,,,,2,,,,,,,,,
user_1956,4,,,,,,,,5,2,,,2,5,,1,,,,4,,,,5,
user_1957,,,,,,,,,4,5,,,,,5,,3,,2,,,,,5,
user_1958,,,3,,,,4,,2,4,,,,1,5,,,,3,2,4,,,4,
user_1959,3,,2,4,,,,2,,,4,2,5,1,1,,,1,,,4,,,,
user_1960,,4,,,,,1,,,,,,,1,5,3,1,,,5,2,5,,,
user_1961,,,2,,,,,,,,,,,1,3,,,3,4,4,,2,,2,
user_1962,4,1,,,2,5,,,5,,,,4,1,,,,,,5,,3,,,3
user_1963,,1,,,,,,,,,5,2,5,,4,4,,,,4,,1,,2,
user_1964,,,5,,1,,,2,,,,2,,,,1,,,,1,4,,,,2
user_1965,,,5,3,,1,,,,,,,,,,,,1,2,,,,,,
user_1966,,,,,,,,,,,1,5,4,,,,,,,4,5,,,,3
user_1967,,,,,,,,,,,,4,,,2,,,5,,,,,,5,
user_1968,,,,,4,1,,,,,,,,,1,,,,2,,2,1,4,5,
user_1969,5,4,,,3,3,,,,4,,,,,,,1,,5,,1,,,,
user_1970,,2,4,,,2,,,,4,,5,,,,4,3,,1,4,,,,,
user_1971,,,,,,,,,,,2,,,4,,1,4,,,,,,3,5,2
user_1972,,,,,3,,1,,,,,,,,4,5,4,,,,3,3,,4,
user_1973,,,,1,3,,4,,3,2,5,4,3,,2,,,,4,5,5,2,3,,
user_1974,,,,4,3,,3,,,3,4,,,,,,,,4,,,,,,
user_1975,1,3,,,,3,,,,,,3,,,,3,,3,5,1,2,,,5,3
user_1976,,,,3,3,2,5,,,2,,,,,,,,,,,,,,,3
user_1977,3,5,1,,2,1,,,,1,4,2,,4,,5,5,,,1,1,,,,
user_1978,4,1,,,,,,,,,,,,,,,,,,,,1,,,2
user_1979,,4,,,2,,,,5,,4,,,,,,,,,3,,,2,,
user_1980,,,,,5,4,3,,4,,,,,,5,,,4,,,,,,,
user_1981,,2,,4,5,,,5,,,,,,,,,,3,,,2,,,,
user_1982,1,4,,,,,5,,,4,,,,,,,3,,,,,,,,
user_1983,,,,2,,,,2,1,,3,,2,,,,,,,,3,4,4,,2
user_1984,,,3,1,,,,,,3,,,,,3,4,,5,,5,,,,,2
user_1985,,1,,,,,,,,4,,,,,,1,2,,5,1,,,,,
user_1986,,3,,,,1,,,,,1,,4,4,,,2,1,,2,2,1,1,3,1
user_1987,4,,,,,,,,5,4,,,,,,1,,1,,,,,,,
user_1988,,3,,,4,3,1,,4,3,,1,,,,,,,,,4,,,,
user_1989,4,,,,,2,,2,,2,,3,,,,,,,,,,,1,,
user_1990,,,,,,,,,,,,,,,1,2,,3,,,,,,5,2
user_1991,,,,3,,3,3,5,,,,3,,,,,1,1,3,,,,,2,
user_1992,,,,,2,,,,,,1,1,4,,,,,,,1,,,,,
user_1993,,1,,,4,,,,5,5,,3,,,,,4,,,3,5,,1,,1
user_1994,,,,5,,,2,5,,,,3,,,,,,,3,,4,,,4,
user_1995,4,,,,,,,4,,,4,1,,,,,,5,3,5,3,3,,,
user_1996,,5,,,,,1,5,,,,3,,,1,,3,,3,,,,,1,
user_1997,,,,3,,2,2,1,,3,5,,,1,2,3,,,,,,4,3,,
user_1998,,,,,,,,,,2,,,,2,,,,2,3,2,,,,,2
user_1999,,,,,,,2,2,,2,2,,,,,,1,,,1,,,,,3
user_2000,4,1,,,,,,3,,,4,2,4,1,4,,,,1,,,,4,,
user_2001,,4,,,,,,5,,,,,,3,,,,,,,4,,,,
user_2002,1,,4,,3,,,4,4,,4,,,3,,,,,,,4,4,,,2
